-- MySQL dump 10.13  Distrib 8.0.40, for Linux (x86_64)
--
-- Host: localhost    Database: webtech_fall2024_madiba_quansah
-- ------------------------------------------------------
-- Server version	8.0.40-0ubuntu0.24.04.1

/*!40101 SET @OLD_CHARACTER_SET_CLIENT=@@CHARACTER_SET_CLIENT */;
/*!40101 SET @OLD_CHARACTER_SET_RESULTS=@@CHARACTER_SET_RESULTS */;
/*!40101 SET @OLD_COLLATION_CONNECTION=@@COLLATION_CONNECTION */;
/*!50503 SET NAMES utf8mb4 */;
/*!40103 SET @OLD_TIME_ZONE=@@TIME_ZONE */;
/*!40103 SET TIME_ZONE='+00:00' */;
/*!40014 SET @OLD_UNIQUE_CHECKS=@@UNIQUE_CHECKS, UNIQUE_CHECKS=0 */;
/*!40014 SET @OLD_FOREIGN_KEY_CHECKS=@@FOREIGN_KEY_CHECKS, FOREIGN_KEY_CHECKS=0 */;
/*!40101 SET @OLD_SQL_MODE=@@SQL_MODE, SQL_MODE='NO_AUTO_VALUE_ON_ZERO' */;
/*!40111 SET @OLD_SQL_NOTES=@@SQL_NOTES, SQL_NOTES=0 */;

--
-- Current Database: `webtech_fall2024_madiba_quansah`
--

--
-- Table structure for table `moves`
--

DROP TABLE IF EXISTS `moves`;
/*!40101 SET @saved_cs_client     = @@character_set_client */;
/*!50503 SET character_set_client = utf8mb4 */;
CREATE TABLE `moves` (
  `mid` int NOT NULL,
  `pid` int NOT NULL,
  `tid` int NOT NULL,
  PRIMARY KEY (`mid`,`pid`,`tid`),
  KEY `pid` (`pid`,`tid`),
  KEY `moves_exist` (`tid`,`pid`),
  CONSTRAINT `moves_ibfk_1` FOREIGN KEY (`pid`, `tid`) REFERENCES `team_pokemon` (`pid`, `tid`) ON DELETE CASCADE
) ENGINE=InnoDB DEFAULT CHARSET=utf8mb4 COLLATE=utf8mb4_0900_ai_ci;
/*!40101 SET character_set_client = @saved_cs_client */;

--
-- Dumping data for table `moves`
--

LOCK TABLES `moves` WRITE;
/*!40000 ALTER TABLE `moves` DISABLE KEYS */;
INSERT INTO `moves` VALUES (218,6,6),(263,6,6),(403,6,6),(693,6,6),(201,6,9),(249,6,9),(317,6,9),(355,6,9),(97,18,3),(189,18,3),(211,18,3),(213,18,3),(162,19,5),(188,19,5),(207,19,5),(673,19,5),(70,26,1),(168,26,1),(283,26,1),(411,26,1),(59,73,1),(130,73,1),(203,73,1),(611,73,1),(43,98,3),(57,98,3),(213,98,3),(341,98,3),(15,257,1),(136,257,1),(523,257,1),(612,257,1),(45,279,1),(282,279,1),(416,279,1),(886,279,1),(7,297,1),(29,297,1),(442,297,1),(612,297,1),(69,306,7),(334,306,7),(350,306,7),(684,306,7),(129,310,1),(189,310,1),(242,310,1),(416,310,1),(13,359,4),(14,359,4),(53,359,4),(63,359,4),(93,380,4),(94,380,4),(271,380,4),(273,380,4),(196,380,5),(213,380,5),(216,380,5),(412,380,5),(63,380,9),(92,380,9),(272,380,9),(337,380,9),(46,381,4),(173,381,4),(247,381,4),(295,381,4),(85,383,9),(216,383,9),(350,383,9),(776,383,9),(20,384,4),(29,384,4),(34,384,4),(38,384,4),(14,384,5),(19,384,5),(20,384,5),(29,384,5),(34,460,8),(235,460,8),(247,460,8),(590,460,8),(87,491,7),(237,491,7),(409,491,7),(492,491,7),(316,499,3),(370,499,3),(490,499,3),(510,499,3),(18,628,9),(306,628,9),(314,628,9),(365,628,9),(36,744,3),(37,744,3),(201,744,3),(336,744,3),(68,802,7),(97,802,7),(340,802,7),(492,802,7),(8,979,8),(38,979,8),(280,979,8),(479,979,8),(76,1024,9),(156,1024,9),(242,1024,9),(484,1024,9),(164,10026,7),(216,10026,7),(360,10026,7),(379,10026,7),(157,10060,8),(263,10060,8),(280,10060,8),(524,10060,8),(164,10062,5),(200,10062,5),(211,10062,5),(346,10062,5),(38,10194,7),(219,10194,7),(263,10194,7),(286,10194,7);
/*!40000 ALTER TABLE `moves` ENABLE KEYS */;
UNLOCK TABLES;

--
-- Table structure for table `nutritionfacts`
--

DROP TABLE IF EXISTS `nutritionfacts`;
/*!40101 SET @saved_cs_client     = @@character_set_client */;
/*!50503 SET character_set_client = utf8mb4 */;
CREATE TABLE `nutritionfacts` (
  `nutrition_id` int NOT NULL AUTO_INCREMENT,
  `food_id` int DEFAULT NULL,
  `protein` decimal(5,2) DEFAULT NULL,
  `carbohydrates` decimal(5,2) DEFAULT NULL,
  `fat` decimal(5,2) DEFAULT NULL,
  `fiber` decimal(5,2) DEFAULT NULL,
  `sugar` decimal(5,2) DEFAULT NULL,
  `sodium` decimal(5,2) DEFAULT NULL,
  PRIMARY KEY (`nutrition_id`),
  KEY `food_id` (`food_id`),
  CONSTRAINT `nutritionfacts_ibfk_1` FOREIGN KEY (`food_id`) REFERENCES `foods` (`food_id`) ON DELETE CASCADE
) ENGINE=InnoDB DEFAULT CHARSET=utf8mb4 COLLATE=utf8mb4_0900_ai_ci;
/*!40101 SET character_set_client = @saved_cs_client */;

--
-- Dumping data for table `nutritionfacts`
--

LOCK TABLES `nutritionfacts` WRITE;
/*!40000 ALTER TABLE `nutritionfacts` DISABLE KEYS */;
/*!40000 ALTER TABLE `nutritionfacts` ENABLE KEYS */;
UNLOCK TABLES;

--
-- Table structure for table `order`
--

DROP TABLE IF EXISTS `order`;
/*!40101 SET @saved_cs_client     = @@character_set_client */;
/*!50503 SET character_set_client = utf8mb4 */;
CREATE TABLE `order` (
  `order_id` int NOT NULL AUTO_INCREMENT,
  `customer_id` int NOT NULL,
  `staff_id` int DEFAULT NULL,
  `order_time` datetime NOT NULL DEFAULT CURRENT_TIMESTAMP,
  `total_amount` decimal(10,2) DEFAULT NULL,
  `status` varchar(20) NOT NULL DEFAULT 'Pending',
  PRIMARY KEY (`order_id`),
  KEY `customer_id` (`customer_id`),
  KEY `staff_id` (`staff_id`),
  CONSTRAINT `order_ibfk_1` FOREIGN KEY (`customer_id`) REFERENCES `customer` (`customer_id`) ON DELETE CASCADE,
  CONSTRAINT `order_ibfk_2` FOREIGN KEY (`staff_id`) REFERENCES `staff` (`staff_id`),
  CONSTRAINT `order_chk_1` CHECK ((`total_amount` >= 0)),
  CONSTRAINT `order_chk_2` CHECK ((`status` in (_utf8mb4'Completed',_utf8mb4'Pending',_utf8mb4'Cancelled')))
) ENGINE=InnoDB AUTO_INCREMENT=12 DEFAULT CHARSET=utf8mb4 COLLATE=utf8mb4_0900_ai_ci;
/*!40101 SET character_set_client = @saved_cs_client */;

--
-- Dumping data for table `order`
--

LOCK TABLES `order` WRITE;
/*!40000 ALTER TABLE `order` DISABLE KEYS */;
INSERT INTO `order` VALUES (1,1,3,'2024-11-27 18:36:44',20.49,'Pending'),(4,2,2,'2024-11-28 00:03:54',40.90,'Pending'),(5,4,3,'2024-11-28 08:51:57',38.98,'Pending'),(6,4,2,'2024-11-29 10:25:56',69.96,'Pending'),(8,2,2,'2024-11-29 10:28:34',192.26,'Pending'),(10,5,2,'2024-12-07 19:14:08',54.48,'Cancelled'),(11,8,3,'2024-12-25 00:34:56',59.96,'Pending');
/*!40000 ALTER TABLE `order` ENABLE KEYS */;
UNLOCK TABLES;

--
-- Table structure for table `order_details`
--

DROP TABLE IF EXISTS `order_details`;
/*!40101 SET @saved_cs_client     = @@character_set_client */;
/*!50503 SET character_set_client = utf8mb4 */;
CREATE TABLE `order_details` (
  `order_detail_id` int NOT NULL AUTO_INCREMENT,
  `order_id` int NOT NULL,
  `menu_item_id` int NOT NULL,
  `quantity` int NOT NULL,
  PRIMARY KEY (`order_detail_id`),
  KEY `order_id` (`order_id`),
  KEY `menu_item_id` (`menu_item_id`),
  CONSTRAINT `order_details_ibfk_1` FOREIGN KEY (`order_id`) REFERENCES `order` (`order_id`) ON DELETE CASCADE,
  CONSTRAINT `order_details_ibfk_2` FOREIGN KEY (`menu_item_id`) REFERENCES `menu_item` (`menu_item_id`)
) ENGINE=InnoDB AUTO_INCREMENT=26 DEFAULT CHARSET=utf8mb4 COLLATE=utf8mb4_0900_ai_ci;
/*!40101 SET character_set_client = @saved_cs_client */;

--
-- Dumping data for table `order_details`
--

LOCK TABLES `order_details` WRITE;
/*!40000 ALTER TABLE `order_details` DISABLE KEYS */;
INSERT INTO `order_details` VALUES (1,1,19,3),(2,1,24,1),(5,4,1,1),(6,4,6,5),(7,4,21,4),(8,5,1,1),(9,5,4,1),(10,6,4,2),(11,6,9,2),(12,8,6,12),(13,8,7,12),(14,8,12,1),(17,10,1,1),(18,10,4,1),(19,10,5,1),(20,11,2,1),(21,11,3,1),(22,11,4,1),(23,11,5,1),(24,11,23,1),(25,11,24,1);
/*!40000 ALTER TABLE `order_details` ENABLE KEYS */;
UNLOCK TABLES;

--
-- Table structure for table `pokemon_cache`
--

DROP TABLE IF EXISTS `pokemon_cache`;
/*!40101 SET @saved_cs_client     = @@character_set_client */;
/*!50503 SET character_set_client = utf8mb4 */;
CREATE TABLE `pokemon_cache` (
  `pid` int NOT NULL,
  `name` varchar(50) NOT NULL,
  `type1` varchar(20) NOT NULL,
  `type2` varchar(20) DEFAULT NULL,
  `sprite_url` varchar(255) DEFAULT NULL,
  `shiny_sprite_url` varchar(255) DEFAULT NULL,
  `last_updated` datetime NOT NULL DEFAULT CURRENT_TIMESTAMP ON UPDATE CURRENT_TIMESTAMP,
  PRIMARY KEY (`pid`)
) ENGINE=InnoDB DEFAULT CHARSET=utf8mb4 COLLATE=utf8mb4_0900_ai_ci;
/*!40101 SET character_set_client = @saved_cs_client */;

--
-- Dumping data for table `pokemon_cache`
--

LOCK TABLES `pokemon_cache` WRITE;
/*!40000 ALTER TABLE `pokemon_cache` DISABLE KEYS */;
INSERT INTO `pokemon_cache` VALUES (1,'Bulbasaur','grass','poison','https://raw.githubusercontent.com/PokeAPI/sprites/master/sprites/pokemon/1.png','https://raw.githubusercontent.com/PokeAPI/sprites/master/sprites/pokemon/shiny/1.png','2024-12-17 18:53:13'),(2,'Ivysaur','grass','poison','https://raw.githubusercontent.com/PokeAPI/sprites/master/sprites/pokemon/2.png','https://raw.githubusercontent.com/PokeAPI/sprites/master/sprites/pokemon/shiny/2.png','2024-12-17 18:53:13'),(3,'Venusaur','grass','poison','https://raw.githubusercontent.com/PokeAPI/sprites/master/sprites/pokemon/3.png','https://raw.githubusercontent.com/PokeAPI/sprites/master/sprites/pokemon/shiny/3.png','2024-12-17 18:53:13'),(4,'Charmander','fire',NULL,'https://raw.githubusercontent.com/PokeAPI/sprites/master/sprites/pokemon/4.png','https://raw.githubusercontent.com/PokeAPI/sprites/master/sprites/pokemon/shiny/4.png','2024-12-17 18:53:13'),(5,'Charmeleon','fire',NULL,'https://raw.githubusercontent.com/PokeAPI/sprites/master/sprites/pokemon/5.png','https://raw.githubusercontent.com/PokeAPI/sprites/master/sprites/pokemon/shiny/5.png','2024-12-17 18:53:13'),(6,'Charizard','fire','flying','https://raw.githubusercontent.com/PokeAPI/sprites/master/sprites/pokemon/6.png','https://raw.githubusercontent.com/PokeAPI/sprites/master/sprites/pokemon/shiny/6.png','2024-12-17 18:53:13'),(7,'Squirtle','water',NULL,'https://raw.githubusercontent.com/PokeAPI/sprites/master/sprites/pokemon/7.png','https://raw.githubusercontent.com/PokeAPI/sprites/master/sprites/pokemon/shiny/7.png','2024-12-17 18:53:13'),(8,'Wartortle','water',NULL,'https://raw.githubusercontent.com/PokeAPI/sprites/master/sprites/pokemon/8.png','https://raw.githubusercontent.com/PokeAPI/sprites/master/sprites/pokemon/shiny/8.png','2024-12-17 18:53:13'),(9,'Blastoise','water',NULL,'https://raw.githubusercontent.com/PokeAPI/sprites/master/sprites/pokemon/9.png','https://raw.githubusercontent.com/PokeAPI/sprites/master/sprites/pokemon/shiny/9.png','2024-12-17 18:53:13'),(10,'Caterpie','bug',NULL,'https://raw.githubusercontent.com/PokeAPI/sprites/master/sprites/pokemon/10.png','https://raw.githubusercontent.com/PokeAPI/sprites/master/sprites/pokemon/shiny/10.png','2024-12-17 18:53:13'),(11,'Metapod','bug',NULL,'https://raw.githubusercontent.com/PokeAPI/sprites/master/sprites/pokemon/11.png','https://raw.githubusercontent.com/PokeAPI/sprites/master/sprites/pokemon/shiny/11.png','2024-12-17 18:53:13'),(12,'Butterfree','bug','flying','https://raw.githubusercontent.com/PokeAPI/sprites/master/sprites/pokemon/12.png','https://raw.githubusercontent.com/PokeAPI/sprites/master/sprites/pokemon/shiny/12.png','2024-12-17 18:53:13'),(13,'Weedle','bug','poison','https://raw.githubusercontent.com/PokeAPI/sprites/master/sprites/pokemon/13.png','https://raw.githubusercontent.com/PokeAPI/sprites/master/sprites/pokemon/shiny/13.png','2024-12-17 18:53:13'),(14,'Kakuna','bug','poison','https://raw.githubusercontent.com/PokeAPI/sprites/master/sprites/pokemon/14.png','https://raw.githubusercontent.com/PokeAPI/sprites/master/sprites/pokemon/shiny/14.png','2024-12-17 18:53:13'),(15,'Beedrill','bug','poison','https://raw.githubusercontent.com/PokeAPI/sprites/master/sprites/pokemon/15.png','https://raw.githubusercontent.com/PokeAPI/sprites/master/sprites/pokemon/shiny/15.png','2024-12-17 18:53:13'),(16,'Pidgey','normal','flying','https://raw.githubusercontent.com/PokeAPI/sprites/master/sprites/pokemon/16.png','https://raw.githubusercontent.com/PokeAPI/sprites/master/sprites/pokemon/shiny/16.png','2024-12-17 18:53:13'),(17,'Pidgeotto','normal','flying','https://raw.githubusercontent.com/PokeAPI/sprites/master/sprites/pokemon/17.png','https://raw.githubusercontent.com/PokeAPI/sprites/master/sprites/pokemon/shiny/17.png','2024-12-17 18:53:13'),(18,'Pidgeot','normal','flying','https://raw.githubusercontent.com/PokeAPI/sprites/master/sprites/pokemon/18.png','https://raw.githubusercontent.com/PokeAPI/sprites/master/sprites/pokemon/shiny/18.png','2024-12-17 18:53:13'),(19,'Rattata','normal',NULL,'https://raw.githubusercontent.com/PokeAPI/sprites/master/sprites/pokemon/19.png','https://raw.githubusercontent.com/PokeAPI/sprites/master/sprites/pokemon/shiny/19.png','2024-12-17 18:53:13'),(20,'Raticate','normal',NULL,'https://raw.githubusercontent.com/PokeAPI/sprites/master/sprites/pokemon/20.png','https://raw.githubusercontent.com/PokeAPI/sprites/master/sprites/pokemon/shiny/20.png','2024-12-17 18:53:13'),(21,'Spearow','normal','flying','https://raw.githubusercontent.com/PokeAPI/sprites/master/sprites/pokemon/21.png','https://raw.githubusercontent.com/PokeAPI/sprites/master/sprites/pokemon/shiny/21.png','2024-12-17 18:53:13'),(22,'Fearow','normal','flying','https://raw.githubusercontent.com/PokeAPI/sprites/master/sprites/pokemon/22.png','https://raw.githubusercontent.com/PokeAPI/sprites/master/sprites/pokemon/shiny/22.png','2024-12-17 18:53:13'),(23,'Ekans','poison',NULL,'https://raw.githubusercontent.com/PokeAPI/sprites/master/sprites/pokemon/23.png','https://raw.githubusercontent.com/PokeAPI/sprites/master/sprites/pokemon/shiny/23.png','2024-12-17 18:53:13'),(24,'Arbok','poison',NULL,'https://raw.githubusercontent.com/PokeAPI/sprites/master/sprites/pokemon/24.png','https://raw.githubusercontent.com/PokeAPI/sprites/master/sprites/pokemon/shiny/24.png','2024-12-17 18:53:13'),(25,'Pikachu','electric',NULL,'https://raw.githubusercontent.com/PokeAPI/sprites/master/sprites/pokemon/25.png','https://raw.githubusercontent.com/PokeAPI/sprites/master/sprites/pokemon/shiny/25.png','2024-12-17 18:53:13'),(26,'Raichu','electric',NULL,'https://raw.githubusercontent.com/PokeAPI/sprites/master/sprites/pokemon/26.png','https://raw.githubusercontent.com/PokeAPI/sprites/master/sprites/pokemon/shiny/26.png','2024-12-17 18:53:13'),(27,'Sandshrew','ground',NULL,'https://raw.githubusercontent.com/PokeAPI/sprites/master/sprites/pokemon/27.png','https://raw.githubusercontent.com/PokeAPI/sprites/master/sprites/pokemon/shiny/27.png','2024-12-17 18:53:13'),(28,'Sandslash','ground',NULL,'https://raw.githubusercontent.com/PokeAPI/sprites/master/sprites/pokemon/28.png','https://raw.githubusercontent.com/PokeAPI/sprites/master/sprites/pokemon/shiny/28.png','2024-12-17 18:53:13'),(29,'Nidoran F','poison',NULL,'https://raw.githubusercontent.com/PokeAPI/sprites/master/sprites/pokemon/29.png','https://raw.githubusercontent.com/PokeAPI/sprites/master/sprites/pokemon/shiny/29.png','2024-12-17 18:53:13'),(30,'Nidorina','poison',NULL,'https://raw.githubusercontent.com/PokeAPI/sprites/master/sprites/pokemon/30.png','https://raw.githubusercontent.com/PokeAPI/sprites/master/sprites/pokemon/shiny/30.png','2024-12-17 18:53:13'),(31,'Nidoqueen','poison','ground','https://raw.githubusercontent.com/PokeAPI/sprites/master/sprites/pokemon/31.png','https://raw.githubusercontent.com/PokeAPI/sprites/master/sprites/pokemon/shiny/31.png','2024-12-17 18:53:13'),(32,'Nidoran M','poison',NULL,'https://raw.githubusercontent.com/PokeAPI/sprites/master/sprites/pokemon/32.png','https://raw.githubusercontent.com/PokeAPI/sprites/master/sprites/pokemon/shiny/32.png','2024-12-17 18:53:13'),(33,'Nidorino','poison',NULL,'https://raw.githubusercontent.com/PokeAPI/sprites/master/sprites/pokemon/33.png','https://raw.githubusercontent.com/PokeAPI/sprites/master/sprites/pokemon/shiny/33.png','2024-12-17 18:53:13'),(34,'Nidoking','poison','ground','https://raw.githubusercontent.com/PokeAPI/sprites/master/sprites/pokemon/34.png','https://raw.githubusercontent.com/PokeAPI/sprites/master/sprites/pokemon/shiny/34.png','2024-12-17 18:53:13'),(35,'Clefairy','fairy',NULL,'https://raw.githubusercontent.com/PokeAPI/sprites/master/sprites/pokemon/35.png','https://raw.githubusercontent.com/PokeAPI/sprites/master/sprites/pokemon/shiny/35.png','2024-12-17 18:53:13'),(36,'Clefable','fairy',NULL,'https://raw.githubusercontent.com/PokeAPI/sprites/master/sprites/pokemon/36.png','https://raw.githubusercontent.com/PokeAPI/sprites/master/sprites/pokemon/shiny/36.png','2024-12-17 18:53:13'),(37,'Vulpix','fire',NULL,'https://raw.githubusercontent.com/PokeAPI/sprites/master/sprites/pokemon/37.png','https://raw.githubusercontent.com/PokeAPI/sprites/master/sprites/pokemon/shiny/37.png','2024-12-17 18:53:13'),(38,'Ninetales','fire',NULL,'https://raw.githubusercontent.com/PokeAPI/sprites/master/sprites/pokemon/38.png','https://raw.githubusercontent.com/PokeAPI/sprites/master/sprites/pokemon/shiny/38.png','2024-12-17 18:53:13'),(39,'Jigglypuff','normal','fairy','https://raw.githubusercontent.com/PokeAPI/sprites/master/sprites/pokemon/39.png','https://raw.githubusercontent.com/PokeAPI/sprites/master/sprites/pokemon/shiny/39.png','2024-12-17 18:53:13'),(40,'Wigglytuff','normal','fairy','https://raw.githubusercontent.com/PokeAPI/sprites/master/sprites/pokemon/40.png','https://raw.githubusercontent.com/PokeAPI/sprites/master/sprites/pokemon/shiny/40.png','2024-12-17 18:53:13'),(41,'Zubat','poison','flying','https://raw.githubusercontent.com/PokeAPI/sprites/master/sprites/pokemon/41.png','https://raw.githubusercontent.com/PokeAPI/sprites/master/sprites/pokemon/shiny/41.png','2024-12-17 18:53:13'),(42,'Golbat','poison','flying','https://raw.githubusercontent.com/PokeAPI/sprites/master/sprites/pokemon/42.png','https://raw.githubusercontent.com/PokeAPI/sprites/master/sprites/pokemon/shiny/42.png','2024-12-17 18:53:13'),(43,'Oddish','grass','poison','https://raw.githubusercontent.com/PokeAPI/sprites/master/sprites/pokemon/43.png','https://raw.githubusercontent.com/PokeAPI/sprites/master/sprites/pokemon/shiny/43.png','2024-12-17 18:53:13'),(44,'Gloom','grass','poison','https://raw.githubusercontent.com/PokeAPI/sprites/master/sprites/pokemon/44.png','https://raw.githubusercontent.com/PokeAPI/sprites/master/sprites/pokemon/shiny/44.png','2024-12-17 18:53:13'),(45,'Vileplume','grass','poison','https://raw.githubusercontent.com/PokeAPI/sprites/master/sprites/pokemon/45.png','https://raw.githubusercontent.com/PokeAPI/sprites/master/sprites/pokemon/shiny/45.png','2024-12-17 18:53:13'),(46,'Paras','bug','grass','https://raw.githubusercontent.com/PokeAPI/sprites/master/sprites/pokemon/46.png','https://raw.githubusercontent.com/PokeAPI/sprites/master/sprites/pokemon/shiny/46.png','2024-12-17 18:53:13'),(47,'Parasect','bug','grass','https://raw.githubusercontent.com/PokeAPI/sprites/master/sprites/pokemon/47.png','https://raw.githubusercontent.com/PokeAPI/sprites/master/sprites/pokemon/shiny/47.png','2024-12-17 18:53:13'),(48,'Venonat','bug','poison','https://raw.githubusercontent.com/PokeAPI/sprites/master/sprites/pokemon/48.png','https://raw.githubusercontent.com/PokeAPI/sprites/master/sprites/pokemon/shiny/48.png','2024-12-17 18:53:13'),(49,'Venomoth','bug','poison','https://raw.githubusercontent.com/PokeAPI/sprites/master/sprites/pokemon/49.png','https://raw.githubusercontent.com/PokeAPI/sprites/master/sprites/pokemon/shiny/49.png','2024-12-17 18:53:13'),(50,'Diglett','ground',NULL,'https://raw.githubusercontent.com/PokeAPI/sprites/master/sprites/pokemon/50.png','https://raw.githubusercontent.com/PokeAPI/sprites/master/sprites/pokemon/shiny/50.png','2024-12-17 18:53:13'),(51,'Dugtrio','ground',NULL,'https://raw.githubusercontent.com/PokeAPI/sprites/master/sprites/pokemon/51.png','https://raw.githubusercontent.com/PokeAPI/sprites/master/sprites/pokemon/shiny/51.png','2024-12-17 18:53:13'),(52,'Meowth','normal',NULL,'https://raw.githubusercontent.com/PokeAPI/sprites/master/sprites/pokemon/52.png','https://raw.githubusercontent.com/PokeAPI/sprites/master/sprites/pokemon/shiny/52.png','2024-12-17 18:53:13'),(53,'Persian','normal',NULL,'https://raw.githubusercontent.com/PokeAPI/sprites/master/sprites/pokemon/53.png','https://raw.githubusercontent.com/PokeAPI/sprites/master/sprites/pokemon/shiny/53.png','2024-12-17 18:53:13'),(54,'Psyduck','water',NULL,'https://raw.githubusercontent.com/PokeAPI/sprites/master/sprites/pokemon/54.png','https://raw.githubusercontent.com/PokeAPI/sprites/master/sprites/pokemon/shiny/54.png','2024-12-17 18:53:13'),(55,'Golduck','water',NULL,'https://raw.githubusercontent.com/PokeAPI/sprites/master/sprites/pokemon/55.png','https://raw.githubusercontent.com/PokeAPI/sprites/master/sprites/pokemon/shiny/55.png','2024-12-17 18:53:13'),(56,'Mankey','fighting',NULL,'https://raw.githubusercontent.com/PokeAPI/sprites/master/sprites/pokemon/56.png','https://raw.githubusercontent.com/PokeAPI/sprites/master/sprites/pokemon/shiny/56.png','2024-12-17 18:53:13'),(57,'Primeape','fighting',NULL,'https://raw.githubusercontent.com/PokeAPI/sprites/master/sprites/pokemon/57.png','https://raw.githubusercontent.com/PokeAPI/sprites/master/sprites/pokemon/shiny/57.png','2024-12-17 18:53:13'),(58,'Growlithe','fire',NULL,'https://raw.githubusercontent.com/PokeAPI/sprites/master/sprites/pokemon/58.png','https://raw.githubusercontent.com/PokeAPI/sprites/master/sprites/pokemon/shiny/58.png','2024-12-17 18:53:13'),(59,'Arcanine','fire',NULL,'https://raw.githubusercontent.com/PokeAPI/sprites/master/sprites/pokemon/59.png','https://raw.githubusercontent.com/PokeAPI/sprites/master/sprites/pokemon/shiny/59.png','2024-12-17 18:53:13'),(60,'Poliwag','water',NULL,'https://raw.githubusercontent.com/PokeAPI/sprites/master/sprites/pokemon/60.png','https://raw.githubusercontent.com/PokeAPI/sprites/master/sprites/pokemon/shiny/60.png','2024-12-17 18:53:13'),(61,'Poliwhirl','water',NULL,'https://raw.githubusercontent.com/PokeAPI/sprites/master/sprites/pokemon/61.png','https://raw.githubusercontent.com/PokeAPI/sprites/master/sprites/pokemon/shiny/61.png','2024-12-17 18:53:13'),(62,'Poliwrath','water','fighting','https://raw.githubusercontent.com/PokeAPI/sprites/master/sprites/pokemon/62.png','https://raw.githubusercontent.com/PokeAPI/sprites/master/sprites/pokemon/shiny/62.png','2024-12-17 18:53:13'),(63,'Abra','psychic',NULL,'https://raw.githubusercontent.com/PokeAPI/sprites/master/sprites/pokemon/63.png','https://raw.githubusercontent.com/PokeAPI/sprites/master/sprites/pokemon/shiny/63.png','2024-12-17 18:53:13'),(64,'Kadabra','psychic',NULL,'https://raw.githubusercontent.com/PokeAPI/sprites/master/sprites/pokemon/64.png','https://raw.githubusercontent.com/PokeAPI/sprites/master/sprites/pokemon/shiny/64.png','2024-12-17 18:53:13'),(65,'Alakazam','psychic',NULL,'https://raw.githubusercontent.com/PokeAPI/sprites/master/sprites/pokemon/65.png','https://raw.githubusercontent.com/PokeAPI/sprites/master/sprites/pokemon/shiny/65.png','2024-12-17 18:53:13'),(66,'Machop','fighting',NULL,'https://raw.githubusercontent.com/PokeAPI/sprites/master/sprites/pokemon/66.png','https://raw.githubusercontent.com/PokeAPI/sprites/master/sprites/pokemon/shiny/66.png','2024-12-17 18:53:13'),(67,'Machoke','fighting',NULL,'https://raw.githubusercontent.com/PokeAPI/sprites/master/sprites/pokemon/67.png','https://raw.githubusercontent.com/PokeAPI/sprites/master/sprites/pokemon/shiny/67.png','2024-12-17 18:53:13'),(68,'Machamp','fighting',NULL,'https://raw.githubusercontent.com/PokeAPI/sprites/master/sprites/pokemon/68.png','https://raw.githubusercontent.com/PokeAPI/sprites/master/sprites/pokemon/shiny/68.png','2024-12-17 18:53:13'),(69,'Bellsprout','grass','poison','https://raw.githubusercontent.com/PokeAPI/sprites/master/sprites/pokemon/69.png','https://raw.githubusercontent.com/PokeAPI/sprites/master/sprites/pokemon/shiny/69.png','2024-12-17 18:53:13'),(70,'Weepinbell','grass','poison','https://raw.githubusercontent.com/PokeAPI/sprites/master/sprites/pokemon/70.png','https://raw.githubusercontent.com/PokeAPI/sprites/master/sprites/pokemon/shiny/70.png','2024-12-17 18:53:13'),(71,'Victreebel','grass','poison','https://raw.githubusercontent.com/PokeAPI/sprites/master/sprites/pokemon/71.png','https://raw.githubusercontent.com/PokeAPI/sprites/master/sprites/pokemon/shiny/71.png','2024-12-17 18:53:13'),(72,'Tentacool','water','poison','https://raw.githubusercontent.com/PokeAPI/sprites/master/sprites/pokemon/72.png','https://raw.githubusercontent.com/PokeAPI/sprites/master/sprites/pokemon/shiny/72.png','2024-12-17 18:53:13'),(73,'Tentacruel','water','poison','https://raw.githubusercontent.com/PokeAPI/sprites/master/sprites/pokemon/73.png','https://raw.githubusercontent.com/PokeAPI/sprites/master/sprites/pokemon/shiny/73.png','2024-12-17 18:53:13'),(74,'Geodude','rock','ground','https://raw.githubusercontent.com/PokeAPI/sprites/master/sprites/pokemon/74.png','https://raw.githubusercontent.com/PokeAPI/sprites/master/sprites/pokemon/shiny/74.png','2024-12-17 18:53:13'),(75,'Graveler','rock','ground','https://raw.githubusercontent.com/PokeAPI/sprites/master/sprites/pokemon/75.png','https://raw.githubusercontent.com/PokeAPI/sprites/master/sprites/pokemon/shiny/75.png','2024-12-17 18:53:13'),(76,'Golem','rock','ground','https://raw.githubusercontent.com/PokeAPI/sprites/master/sprites/pokemon/76.png','https://raw.githubusercontent.com/PokeAPI/sprites/master/sprites/pokemon/shiny/76.png','2024-12-17 18:53:13'),(77,'Ponyta','fire',NULL,'https://raw.githubusercontent.com/PokeAPI/sprites/master/sprites/pokemon/77.png','https://raw.githubusercontent.com/PokeAPI/sprites/master/sprites/pokemon/shiny/77.png','2024-12-17 18:53:13'),(78,'Rapidash','fire',NULL,'https://raw.githubusercontent.com/PokeAPI/sprites/master/sprites/pokemon/78.png','https://raw.githubusercontent.com/PokeAPI/sprites/master/sprites/pokemon/shiny/78.png','2024-12-17 18:53:13'),(79,'Slowpoke','water','psychic','https://raw.githubusercontent.com/PokeAPI/sprites/master/sprites/pokemon/79.png','https://raw.githubusercontent.com/PokeAPI/sprites/master/sprites/pokemon/shiny/79.png','2024-12-17 18:53:13'),(80,'Slowbro','water','psychic','https://raw.githubusercontent.com/PokeAPI/sprites/master/sprites/pokemon/80.png','https://raw.githubusercontent.com/PokeAPI/sprites/master/sprites/pokemon/shiny/80.png','2024-12-17 18:53:13'),(81,'Magnemite','electric','steel','https://raw.githubusercontent.com/PokeAPI/sprites/master/sprites/pokemon/81.png','https://raw.githubusercontent.com/PokeAPI/sprites/master/sprites/pokemon/shiny/81.png','2024-12-17 18:53:13'),(82,'Magneton','electric','steel','https://raw.githubusercontent.com/PokeAPI/sprites/master/sprites/pokemon/82.png','https://raw.githubusercontent.com/PokeAPI/sprites/master/sprites/pokemon/shiny/82.png','2024-12-17 18:53:13'),(83,'Farfetchd','normal','flying','https://raw.githubusercontent.com/PokeAPI/sprites/master/sprites/pokemon/83.png','https://raw.githubusercontent.com/PokeAPI/sprites/master/sprites/pokemon/shiny/83.png','2024-12-17 18:53:13'),(84,'Doduo','normal','flying','https://raw.githubusercontent.com/PokeAPI/sprites/master/sprites/pokemon/84.png','https://raw.githubusercontent.com/PokeAPI/sprites/master/sprites/pokemon/shiny/84.png','2024-12-17 18:53:13'),(85,'Dodrio','normal','flying','https://raw.githubusercontent.com/PokeAPI/sprites/master/sprites/pokemon/85.png','https://raw.githubusercontent.com/PokeAPI/sprites/master/sprites/pokemon/shiny/85.png','2024-12-17 18:53:13'),(86,'Seel','water',NULL,'https://raw.githubusercontent.com/PokeAPI/sprites/master/sprites/pokemon/86.png','https://raw.githubusercontent.com/PokeAPI/sprites/master/sprites/pokemon/shiny/86.png','2024-12-17 18:53:13'),(87,'Dewgong','water','ice','https://raw.githubusercontent.com/PokeAPI/sprites/master/sprites/pokemon/87.png','https://raw.githubusercontent.com/PokeAPI/sprites/master/sprites/pokemon/shiny/87.png','2024-12-17 18:53:13'),(88,'Grimer','poison',NULL,'https://raw.githubusercontent.com/PokeAPI/sprites/master/sprites/pokemon/88.png','https://raw.githubusercontent.com/PokeAPI/sprites/master/sprites/pokemon/shiny/88.png','2024-12-17 18:53:13'),(89,'Muk','poison',NULL,'https://raw.githubusercontent.com/PokeAPI/sprites/master/sprites/pokemon/89.png','https://raw.githubusercontent.com/PokeAPI/sprites/master/sprites/pokemon/shiny/89.png','2024-12-17 18:53:13'),(90,'Shellder','water',NULL,'https://raw.githubusercontent.com/PokeAPI/sprites/master/sprites/pokemon/90.png','https://raw.githubusercontent.com/PokeAPI/sprites/master/sprites/pokemon/shiny/90.png','2024-12-17 18:53:13'),(91,'Cloyster','water','ice','https://raw.githubusercontent.com/PokeAPI/sprites/master/sprites/pokemon/91.png','https://raw.githubusercontent.com/PokeAPI/sprites/master/sprites/pokemon/shiny/91.png','2024-12-17 18:53:13'),(92,'Gastly','ghost','poison','https://raw.githubusercontent.com/PokeAPI/sprites/master/sprites/pokemon/92.png','https://raw.githubusercontent.com/PokeAPI/sprites/master/sprites/pokemon/shiny/92.png','2024-12-17 18:53:13'),(93,'Haunter','ghost','poison','https://raw.githubusercontent.com/PokeAPI/sprites/master/sprites/pokemon/93.png','https://raw.githubusercontent.com/PokeAPI/sprites/master/sprites/pokemon/shiny/93.png','2024-12-17 18:53:13'),(94,'Gengar','ghost','poison','https://raw.githubusercontent.com/PokeAPI/sprites/master/sprites/pokemon/94.png','https://raw.githubusercontent.com/PokeAPI/sprites/master/sprites/pokemon/shiny/94.png','2024-12-17 18:53:13'),(95,'Onix','rock','ground','https://raw.githubusercontent.com/PokeAPI/sprites/master/sprites/pokemon/95.png','https://raw.githubusercontent.com/PokeAPI/sprites/master/sprites/pokemon/shiny/95.png','2024-12-17 18:53:13'),(96,'Drowzee','psychic',NULL,'https://raw.githubusercontent.com/PokeAPI/sprites/master/sprites/pokemon/96.png','https://raw.githubusercontent.com/PokeAPI/sprites/master/sprites/pokemon/shiny/96.png','2024-12-17 18:53:13'),(97,'Hypno','psychic',NULL,'https://raw.githubusercontent.com/PokeAPI/sprites/master/sprites/pokemon/97.png','https://raw.githubusercontent.com/PokeAPI/sprites/master/sprites/pokemon/shiny/97.png','2024-12-17 18:53:13'),(98,'Krabby','water',NULL,'https://raw.githubusercontent.com/PokeAPI/sprites/master/sprites/pokemon/98.png','https://raw.githubusercontent.com/PokeAPI/sprites/master/sprites/pokemon/shiny/98.png','2024-12-17 18:53:13'),(99,'Kingler','water',NULL,'https://raw.githubusercontent.com/PokeAPI/sprites/master/sprites/pokemon/99.png','https://raw.githubusercontent.com/PokeAPI/sprites/master/sprites/pokemon/shiny/99.png','2024-12-17 18:53:13'),(100,'Voltorb','electric',NULL,'https://raw.githubusercontent.com/PokeAPI/sprites/master/sprites/pokemon/100.png','https://raw.githubusercontent.com/PokeAPI/sprites/master/sprites/pokemon/shiny/100.png','2024-12-17 18:53:13'),(101,'Electrode','electric',NULL,'https://raw.githubusercontent.com/PokeAPI/sprites/master/sprites/pokemon/101.png','https://raw.githubusercontent.com/PokeAPI/sprites/master/sprites/pokemon/shiny/101.png','2024-12-17 18:53:13'),(102,'Exeggcute','grass','psychic','https://raw.githubusercontent.com/PokeAPI/sprites/master/sprites/pokemon/102.png','https://raw.githubusercontent.com/PokeAPI/sprites/master/sprites/pokemon/shiny/102.png','2024-12-17 18:53:13'),(103,'Exeggutor','grass','psychic','https://raw.githubusercontent.com/PokeAPI/sprites/master/sprites/pokemon/103.png','https://raw.githubusercontent.com/PokeAPI/sprites/master/sprites/pokemon/shiny/103.png','2024-12-17 18:53:13'),(104,'Cubone','ground',NULL,'https://raw.githubusercontent.com/PokeAPI/sprites/master/sprites/pokemon/104.png','https://raw.githubusercontent.com/PokeAPI/sprites/master/sprites/pokemon/shiny/104.png','2024-12-17 18:53:13'),(105,'Marowak','ground',NULL,'https://raw.githubusercontent.com/PokeAPI/sprites/master/sprites/pokemon/105.png','https://raw.githubusercontent.com/PokeAPI/sprites/master/sprites/pokemon/shiny/105.png','2024-12-17 18:53:13'),(106,'Hitmonlee','fighting',NULL,'https://raw.githubusercontent.com/PokeAPI/sprites/master/sprites/pokemon/106.png','https://raw.githubusercontent.com/PokeAPI/sprites/master/sprites/pokemon/shiny/106.png','2024-12-17 18:53:13'),(107,'Hitmonchan','fighting',NULL,'https://raw.githubusercontent.com/PokeAPI/sprites/master/sprites/pokemon/107.png','https://raw.githubusercontent.com/PokeAPI/sprites/master/sprites/pokemon/shiny/107.png','2024-12-17 18:53:13'),(108,'Lickitung','normal',NULL,'https://raw.githubusercontent.com/PokeAPI/sprites/master/sprites/pokemon/108.png','https://raw.githubusercontent.com/PokeAPI/sprites/master/sprites/pokemon/shiny/108.png','2024-12-17 18:53:13'),(109,'Koffing','poison',NULL,'https://raw.githubusercontent.com/PokeAPI/sprites/master/sprites/pokemon/109.png','https://raw.githubusercontent.com/PokeAPI/sprites/master/sprites/pokemon/shiny/109.png','2024-12-17 18:53:13'),(110,'Weezing','poison',NULL,'https://raw.githubusercontent.com/PokeAPI/sprites/master/sprites/pokemon/110.png','https://raw.githubusercontent.com/PokeAPI/sprites/master/sprites/pokemon/shiny/110.png','2024-12-17 18:53:13'),(111,'Rhyhorn','ground','rock','https://raw.githubusercontent.com/PokeAPI/sprites/master/sprites/pokemon/111.png','https://raw.githubusercontent.com/PokeAPI/sprites/master/sprites/pokemon/shiny/111.png','2024-12-17 18:53:13'),(112,'Rhydon','ground','rock','https://raw.githubusercontent.com/PokeAPI/sprites/master/sprites/pokemon/112.png','https://raw.githubusercontent.com/PokeAPI/sprites/master/sprites/pokemon/shiny/112.png','2024-12-17 18:53:13'),(113,'Chansey','normal',NULL,'https://raw.githubusercontent.com/PokeAPI/sprites/master/sprites/pokemon/113.png','https://raw.githubusercontent.com/PokeAPI/sprites/master/sprites/pokemon/shiny/113.png','2024-12-17 18:53:13'),(114,'Tangela','grass',NULL,'https://raw.githubusercontent.com/PokeAPI/sprites/master/sprites/pokemon/114.png','https://raw.githubusercontent.com/PokeAPI/sprites/master/sprites/pokemon/shiny/114.png','2024-12-17 18:53:13'),(115,'Kangaskhan','normal',NULL,'https://raw.githubusercontent.com/PokeAPI/sprites/master/sprites/pokemon/115.png','https://raw.githubusercontent.com/PokeAPI/sprites/master/sprites/pokemon/shiny/115.png','2024-12-17 18:53:13'),(116,'Horsea','water',NULL,'https://raw.githubusercontent.com/PokeAPI/sprites/master/sprites/pokemon/116.png','https://raw.githubusercontent.com/PokeAPI/sprites/master/sprites/pokemon/shiny/116.png','2024-12-17 18:53:13'),(117,'Seadra','water',NULL,'https://raw.githubusercontent.com/PokeAPI/sprites/master/sprites/pokemon/117.png','https://raw.githubusercontent.com/PokeAPI/sprites/master/sprites/pokemon/shiny/117.png','2024-12-17 18:53:13'),(118,'Goldeen','water',NULL,'https://raw.githubusercontent.com/PokeAPI/sprites/master/sprites/pokemon/118.png','https://raw.githubusercontent.com/PokeAPI/sprites/master/sprites/pokemon/shiny/118.png','2024-12-17 18:53:13'),(119,'Seaking','water',NULL,'https://raw.githubusercontent.com/PokeAPI/sprites/master/sprites/pokemon/119.png','https://raw.githubusercontent.com/PokeAPI/sprites/master/sprites/pokemon/shiny/119.png','2024-12-17 18:53:13'),(120,'Staryu','water',NULL,'https://raw.githubusercontent.com/PokeAPI/sprites/master/sprites/pokemon/120.png','https://raw.githubusercontent.com/PokeAPI/sprites/master/sprites/pokemon/shiny/120.png','2024-12-17 18:53:13'),(121,'Starmie','water','psychic','https://raw.githubusercontent.com/PokeAPI/sprites/master/sprites/pokemon/121.png','https://raw.githubusercontent.com/PokeAPI/sprites/master/sprites/pokemon/shiny/121.png','2024-12-17 18:53:13'),(122,'Mr Mime','psychic','fairy','https://raw.githubusercontent.com/PokeAPI/sprites/master/sprites/pokemon/122.png','https://raw.githubusercontent.com/PokeAPI/sprites/master/sprites/pokemon/shiny/122.png','2024-12-17 18:53:13'),(123,'Scyther','bug','flying','https://raw.githubusercontent.com/PokeAPI/sprites/master/sprites/pokemon/123.png','https://raw.githubusercontent.com/PokeAPI/sprites/master/sprites/pokemon/shiny/123.png','2024-12-17 18:53:13'),(124,'Jynx','ice','psychic','https://raw.githubusercontent.com/PokeAPI/sprites/master/sprites/pokemon/124.png','https://raw.githubusercontent.com/PokeAPI/sprites/master/sprites/pokemon/shiny/124.png','2024-12-17 18:53:13'),(125,'Electabuzz','electric',NULL,'https://raw.githubusercontent.com/PokeAPI/sprites/master/sprites/pokemon/125.png','https://raw.githubusercontent.com/PokeAPI/sprites/master/sprites/pokemon/shiny/125.png','2024-12-17 18:53:13'),(126,'Magmar','fire',NULL,'https://raw.githubusercontent.com/PokeAPI/sprites/master/sprites/pokemon/126.png','https://raw.githubusercontent.com/PokeAPI/sprites/master/sprites/pokemon/shiny/126.png','2024-12-17 18:53:13'),(127,'Pinsir','bug',NULL,'https://raw.githubusercontent.com/PokeAPI/sprites/master/sprites/pokemon/127.png','https://raw.githubusercontent.com/PokeAPI/sprites/master/sprites/pokemon/shiny/127.png','2024-12-17 18:53:13'),(128,'Tauros','normal',NULL,'https://raw.githubusercontent.com/PokeAPI/sprites/master/sprites/pokemon/128.png','https://raw.githubusercontent.com/PokeAPI/sprites/master/sprites/pokemon/shiny/128.png','2024-12-17 18:53:13'),(129,'Magikarp','water',NULL,'https://raw.githubusercontent.com/PokeAPI/sprites/master/sprites/pokemon/129.png','https://raw.githubusercontent.com/PokeAPI/sprites/master/sprites/pokemon/shiny/129.png','2024-12-17 18:53:13'),(130,'Gyarados','water','flying','https://raw.githubusercontent.com/PokeAPI/sprites/master/sprites/pokemon/130.png','https://raw.githubusercontent.com/PokeAPI/sprites/master/sprites/pokemon/shiny/130.png','2024-12-17 18:53:13'),(131,'Lapras','water','ice','https://raw.githubusercontent.com/PokeAPI/sprites/master/sprites/pokemon/131.png','https://raw.githubusercontent.com/PokeAPI/sprites/master/sprites/pokemon/shiny/131.png','2024-12-17 18:53:13'),(132,'Ditto','normal',NULL,'https://raw.githubusercontent.com/PokeAPI/sprites/master/sprites/pokemon/132.png','https://raw.githubusercontent.com/PokeAPI/sprites/master/sprites/pokemon/shiny/132.png','2024-12-17 18:53:13'),(133,'Eevee','normal',NULL,'https://raw.githubusercontent.com/PokeAPI/sprites/master/sprites/pokemon/133.png','https://raw.githubusercontent.com/PokeAPI/sprites/master/sprites/pokemon/shiny/133.png','2024-12-17 18:53:13'),(134,'Vaporeon','water',NULL,'https://raw.githubusercontent.com/PokeAPI/sprites/master/sprites/pokemon/134.png','https://raw.githubusercontent.com/PokeAPI/sprites/master/sprites/pokemon/shiny/134.png','2024-12-17 18:53:13'),(135,'Jolteon','electric',NULL,'https://raw.githubusercontent.com/PokeAPI/sprites/master/sprites/pokemon/135.png','https://raw.githubusercontent.com/PokeAPI/sprites/master/sprites/pokemon/shiny/135.png','2024-12-17 18:53:13'),(136,'Flareon','fire',NULL,'https://raw.githubusercontent.com/PokeAPI/sprites/master/sprites/pokemon/136.png','https://raw.githubusercontent.com/PokeAPI/sprites/master/sprites/pokemon/shiny/136.png','2024-12-17 18:53:13'),(137,'Porygon','normal',NULL,'https://raw.githubusercontent.com/PokeAPI/sprites/master/sprites/pokemon/137.png','https://raw.githubusercontent.com/PokeAPI/sprites/master/sprites/pokemon/shiny/137.png','2024-12-17 18:53:13'),(138,'Omanyte','rock','water','https://raw.githubusercontent.com/PokeAPI/sprites/master/sprites/pokemon/138.png','https://raw.githubusercontent.com/PokeAPI/sprites/master/sprites/pokemon/shiny/138.png','2024-12-17 18:53:13'),(139,'Omastar','rock','water','https://raw.githubusercontent.com/PokeAPI/sprites/master/sprites/pokemon/139.png','https://raw.githubusercontent.com/PokeAPI/sprites/master/sprites/pokemon/shiny/139.png','2024-12-17 18:53:13'),(140,'Kabuto','rock','water','https://raw.githubusercontent.com/PokeAPI/sprites/master/sprites/pokemon/140.png','https://raw.githubusercontent.com/PokeAPI/sprites/master/sprites/pokemon/shiny/140.png','2024-12-17 18:53:13'),(141,'Kabutops','rock','water','https://raw.githubusercontent.com/PokeAPI/sprites/master/sprites/pokemon/141.png','https://raw.githubusercontent.com/PokeAPI/sprites/master/sprites/pokemon/shiny/141.png','2024-12-17 18:53:13'),(142,'Aerodactyl','rock','flying','https://raw.githubusercontent.com/PokeAPI/sprites/master/sprites/pokemon/142.png','https://raw.githubusercontent.com/PokeAPI/sprites/master/sprites/pokemon/shiny/142.png','2024-12-17 18:53:13'),(143,'Snorlax','normal',NULL,'https://raw.githubusercontent.com/PokeAPI/sprites/master/sprites/pokemon/143.png','https://raw.githubusercontent.com/PokeAPI/sprites/master/sprites/pokemon/shiny/143.png','2024-12-17 18:53:13'),(144,'Articuno','ice','flying','https://raw.githubusercontent.com/PokeAPI/sprites/master/sprites/pokemon/144.png','https://raw.githubusercontent.com/PokeAPI/sprites/master/sprites/pokemon/shiny/144.png','2024-12-17 18:53:13'),(145,'Zapdos','electric','flying','https://raw.githubusercontent.com/PokeAPI/sprites/master/sprites/pokemon/145.png','https://raw.githubusercontent.com/PokeAPI/sprites/master/sprites/pokemon/shiny/145.png','2024-12-17 18:53:13'),(146,'Moltres','fire','flying','https://raw.githubusercontent.com/PokeAPI/sprites/master/sprites/pokemon/146.png','https://raw.githubusercontent.com/PokeAPI/sprites/master/sprites/pokemon/shiny/146.png','2024-12-17 18:53:13'),(147,'Dratini','dragon',NULL,'https://raw.githubusercontent.com/PokeAPI/sprites/master/sprites/pokemon/147.png','https://raw.githubusercontent.com/PokeAPI/sprites/master/sprites/pokemon/shiny/147.png','2024-12-17 18:53:13'),(148,'Dragonair','dragon',NULL,'https://raw.githubusercontent.com/PokeAPI/sprites/master/sprites/pokemon/148.png','https://raw.githubusercontent.com/PokeAPI/sprites/master/sprites/pokemon/shiny/148.png','2024-12-17 18:53:13'),(149,'Dragonite','dragon','flying','https://raw.githubusercontent.com/PokeAPI/sprites/master/sprites/pokemon/149.png','https://raw.githubusercontent.com/PokeAPI/sprites/master/sprites/pokemon/shiny/149.png','2024-12-17 18:53:13'),(150,'Mewtwo','psychic',NULL,'https://raw.githubusercontent.com/PokeAPI/sprites/master/sprites/pokemon/150.png','https://raw.githubusercontent.com/PokeAPI/sprites/master/sprites/pokemon/shiny/150.png','2024-12-17 18:53:13'),(151,'Mew','psychic',NULL,'https://raw.githubusercontent.com/PokeAPI/sprites/master/sprites/pokemon/151.png','https://raw.githubusercontent.com/PokeAPI/sprites/master/sprites/pokemon/shiny/151.png','2024-12-17 18:53:13'),(152,'Chikorita','grass',NULL,'https://raw.githubusercontent.com/PokeAPI/sprites/master/sprites/pokemon/152.png','https://raw.githubusercontent.com/PokeAPI/sprites/master/sprites/pokemon/shiny/152.png','2024-12-17 18:53:13'),(153,'Bayleef','grass',NULL,'https://raw.githubusercontent.com/PokeAPI/sprites/master/sprites/pokemon/153.png','https://raw.githubusercontent.com/PokeAPI/sprites/master/sprites/pokemon/shiny/153.png','2024-12-17 18:53:13'),(154,'Meganium','grass',NULL,'https://raw.githubusercontent.com/PokeAPI/sprites/master/sprites/pokemon/154.png','https://raw.githubusercontent.com/PokeAPI/sprites/master/sprites/pokemon/shiny/154.png','2024-12-17 18:53:13'),(155,'Cyndaquil','fire',NULL,'https://raw.githubusercontent.com/PokeAPI/sprites/master/sprites/pokemon/155.png','https://raw.githubusercontent.com/PokeAPI/sprites/master/sprites/pokemon/shiny/155.png','2024-12-17 18:53:13'),(156,'Quilava','fire',NULL,'https://raw.githubusercontent.com/PokeAPI/sprites/master/sprites/pokemon/156.png','https://raw.githubusercontent.com/PokeAPI/sprites/master/sprites/pokemon/shiny/156.png','2024-12-17 18:53:13'),(157,'Typhlosion','fire',NULL,'https://raw.githubusercontent.com/PokeAPI/sprites/master/sprites/pokemon/157.png','https://raw.githubusercontent.com/PokeAPI/sprites/master/sprites/pokemon/shiny/157.png','2024-12-17 18:53:13'),(158,'Totodile','water',NULL,'https://raw.githubusercontent.com/PokeAPI/sprites/master/sprites/pokemon/158.png','https://raw.githubusercontent.com/PokeAPI/sprites/master/sprites/pokemon/shiny/158.png','2024-12-17 18:53:13'),(159,'Croconaw','water',NULL,'https://raw.githubusercontent.com/PokeAPI/sprites/master/sprites/pokemon/159.png','https://raw.githubusercontent.com/PokeAPI/sprites/master/sprites/pokemon/shiny/159.png','2024-12-17 18:53:13'),(160,'Feraligatr','water',NULL,'https://raw.githubusercontent.com/PokeAPI/sprites/master/sprites/pokemon/160.png','https://raw.githubusercontent.com/PokeAPI/sprites/master/sprites/pokemon/shiny/160.png','2024-12-17 18:53:13'),(161,'Sentret','normal',NULL,'https://raw.githubusercontent.com/PokeAPI/sprites/master/sprites/pokemon/161.png','https://raw.githubusercontent.com/PokeAPI/sprites/master/sprites/pokemon/shiny/161.png','2024-12-17 18:53:13'),(162,'Furret','normal',NULL,'https://raw.githubusercontent.com/PokeAPI/sprites/master/sprites/pokemon/162.png','https://raw.githubusercontent.com/PokeAPI/sprites/master/sprites/pokemon/shiny/162.png','2024-12-17 18:53:13'),(163,'Hoothoot','normal','flying','https://raw.githubusercontent.com/PokeAPI/sprites/master/sprites/pokemon/163.png','https://raw.githubusercontent.com/PokeAPI/sprites/master/sprites/pokemon/shiny/163.png','2024-12-17 18:53:13'),(164,'Noctowl','normal','flying','https://raw.githubusercontent.com/PokeAPI/sprites/master/sprites/pokemon/164.png','https://raw.githubusercontent.com/PokeAPI/sprites/master/sprites/pokemon/shiny/164.png','2024-12-17 18:53:13'),(165,'Ledyba','bug','flying','https://raw.githubusercontent.com/PokeAPI/sprites/master/sprites/pokemon/165.png','https://raw.githubusercontent.com/PokeAPI/sprites/master/sprites/pokemon/shiny/165.png','2024-12-17 18:53:13'),(166,'Ledian','bug','flying','https://raw.githubusercontent.com/PokeAPI/sprites/master/sprites/pokemon/166.png','https://raw.githubusercontent.com/PokeAPI/sprites/master/sprites/pokemon/shiny/166.png','2024-12-17 18:53:13'),(167,'Spinarak','bug','poison','https://raw.githubusercontent.com/PokeAPI/sprites/master/sprites/pokemon/167.png','https://raw.githubusercontent.com/PokeAPI/sprites/master/sprites/pokemon/shiny/167.png','2024-12-17 18:53:13'),(168,'Ariados','bug','poison','https://raw.githubusercontent.com/PokeAPI/sprites/master/sprites/pokemon/168.png','https://raw.githubusercontent.com/PokeAPI/sprites/master/sprites/pokemon/shiny/168.png','2024-12-17 18:53:13'),(169,'Crobat','poison','flying','https://raw.githubusercontent.com/PokeAPI/sprites/master/sprites/pokemon/169.png','https://raw.githubusercontent.com/PokeAPI/sprites/master/sprites/pokemon/shiny/169.png','2024-12-17 18:53:13'),(170,'Chinchou','water','electric','https://raw.githubusercontent.com/PokeAPI/sprites/master/sprites/pokemon/170.png','https://raw.githubusercontent.com/PokeAPI/sprites/master/sprites/pokemon/shiny/170.png','2024-12-17 18:53:13'),(171,'Lanturn','water','electric','https://raw.githubusercontent.com/PokeAPI/sprites/master/sprites/pokemon/171.png','https://raw.githubusercontent.com/PokeAPI/sprites/master/sprites/pokemon/shiny/171.png','2024-12-17 18:53:13'),(172,'Pichu','electric',NULL,'https://raw.githubusercontent.com/PokeAPI/sprites/master/sprites/pokemon/172.png','https://raw.githubusercontent.com/PokeAPI/sprites/master/sprites/pokemon/shiny/172.png','2024-12-17 18:53:13'),(173,'Cleffa','fairy',NULL,'https://raw.githubusercontent.com/PokeAPI/sprites/master/sprites/pokemon/173.png','https://raw.githubusercontent.com/PokeAPI/sprites/master/sprites/pokemon/shiny/173.png','2024-12-17 18:53:13'),(174,'Igglybuff','normal','fairy','https://raw.githubusercontent.com/PokeAPI/sprites/master/sprites/pokemon/174.png','https://raw.githubusercontent.com/PokeAPI/sprites/master/sprites/pokemon/shiny/174.png','2024-12-17 18:53:13'),(175,'Togepi','fairy',NULL,'https://raw.githubusercontent.com/PokeAPI/sprites/master/sprites/pokemon/175.png','https://raw.githubusercontent.com/PokeAPI/sprites/master/sprites/pokemon/shiny/175.png','2024-12-17 18:53:13'),(176,'Togetic','fairy','flying','https://raw.githubusercontent.com/PokeAPI/sprites/master/sprites/pokemon/176.png','https://raw.githubusercontent.com/PokeAPI/sprites/master/sprites/pokemon/shiny/176.png','2024-12-17 18:53:13'),(177,'Natu','psychic','flying','https://raw.githubusercontent.com/PokeAPI/sprites/master/sprites/pokemon/177.png','https://raw.githubusercontent.com/PokeAPI/sprites/master/sprites/pokemon/shiny/177.png','2024-12-17 18:53:13'),(178,'Xatu','psychic','flying','https://raw.githubusercontent.com/PokeAPI/sprites/master/sprites/pokemon/178.png','https://raw.githubusercontent.com/PokeAPI/sprites/master/sprites/pokemon/shiny/178.png','2024-12-17 18:53:13'),(179,'Mareep','electric',NULL,'https://raw.githubusercontent.com/PokeAPI/sprites/master/sprites/pokemon/179.png','https://raw.githubusercontent.com/PokeAPI/sprites/master/sprites/pokemon/shiny/179.png','2024-12-17 18:53:13'),(180,'Flaaffy','electric',NULL,'https://raw.githubusercontent.com/PokeAPI/sprites/master/sprites/pokemon/180.png','https://raw.githubusercontent.com/PokeAPI/sprites/master/sprites/pokemon/shiny/180.png','2024-12-17 18:53:13'),(181,'Ampharos','electric',NULL,'https://raw.githubusercontent.com/PokeAPI/sprites/master/sprites/pokemon/181.png','https://raw.githubusercontent.com/PokeAPI/sprites/master/sprites/pokemon/shiny/181.png','2024-12-17 18:53:13'),(182,'Bellossom','grass',NULL,'https://raw.githubusercontent.com/PokeAPI/sprites/master/sprites/pokemon/182.png','https://raw.githubusercontent.com/PokeAPI/sprites/master/sprites/pokemon/shiny/182.png','2024-12-17 18:53:13'),(183,'Marill','water','fairy','https://raw.githubusercontent.com/PokeAPI/sprites/master/sprites/pokemon/183.png','https://raw.githubusercontent.com/PokeAPI/sprites/master/sprites/pokemon/shiny/183.png','2024-12-17 18:53:13'),(184,'Azumarill','water','fairy','https://raw.githubusercontent.com/PokeAPI/sprites/master/sprites/pokemon/184.png','https://raw.githubusercontent.com/PokeAPI/sprites/master/sprites/pokemon/shiny/184.png','2024-12-17 18:53:13'),(185,'Sudowoodo','rock',NULL,'https://raw.githubusercontent.com/PokeAPI/sprites/master/sprites/pokemon/185.png','https://raw.githubusercontent.com/PokeAPI/sprites/master/sprites/pokemon/shiny/185.png','2024-12-17 18:53:13'),(186,'Politoed','water',NULL,'https://raw.githubusercontent.com/PokeAPI/sprites/master/sprites/pokemon/186.png','https://raw.githubusercontent.com/PokeAPI/sprites/master/sprites/pokemon/shiny/186.png','2024-12-17 18:53:13'),(187,'Hoppip','grass','flying','https://raw.githubusercontent.com/PokeAPI/sprites/master/sprites/pokemon/187.png','https://raw.githubusercontent.com/PokeAPI/sprites/master/sprites/pokemon/shiny/187.png','2024-12-17 18:53:13'),(188,'Skiploom','grass','flying','https://raw.githubusercontent.com/PokeAPI/sprites/master/sprites/pokemon/188.png','https://raw.githubusercontent.com/PokeAPI/sprites/master/sprites/pokemon/shiny/188.png','2024-12-17 18:53:13'),(189,'Jumpluff','grass','flying','https://raw.githubusercontent.com/PokeAPI/sprites/master/sprites/pokemon/189.png','https://raw.githubusercontent.com/PokeAPI/sprites/master/sprites/pokemon/shiny/189.png','2024-12-17 18:53:13'),(190,'Aipom','normal',NULL,'https://raw.githubusercontent.com/PokeAPI/sprites/master/sprites/pokemon/190.png','https://raw.githubusercontent.com/PokeAPI/sprites/master/sprites/pokemon/shiny/190.png','2024-12-17 18:53:13'),(191,'Sunkern','grass',NULL,'https://raw.githubusercontent.com/PokeAPI/sprites/master/sprites/pokemon/191.png','https://raw.githubusercontent.com/PokeAPI/sprites/master/sprites/pokemon/shiny/191.png','2024-12-17 18:53:13'),(192,'Sunflora','grass',NULL,'https://raw.githubusercontent.com/PokeAPI/sprites/master/sprites/pokemon/192.png','https://raw.githubusercontent.com/PokeAPI/sprites/master/sprites/pokemon/shiny/192.png','2024-12-17 18:53:13'),(193,'Yanma','bug','flying','https://raw.githubusercontent.com/PokeAPI/sprites/master/sprites/pokemon/193.png','https://raw.githubusercontent.com/PokeAPI/sprites/master/sprites/pokemon/shiny/193.png','2024-12-17 18:53:13'),(194,'Wooper','water','ground','https://raw.githubusercontent.com/PokeAPI/sprites/master/sprites/pokemon/194.png','https://raw.githubusercontent.com/PokeAPI/sprites/master/sprites/pokemon/shiny/194.png','2024-12-17 18:53:13'),(195,'Quagsire','water','ground','https://raw.githubusercontent.com/PokeAPI/sprites/master/sprites/pokemon/195.png','https://raw.githubusercontent.com/PokeAPI/sprites/master/sprites/pokemon/shiny/195.png','2024-12-17 18:53:13'),(196,'Espeon','psychic',NULL,'https://raw.githubusercontent.com/PokeAPI/sprites/master/sprites/pokemon/196.png','https://raw.githubusercontent.com/PokeAPI/sprites/master/sprites/pokemon/shiny/196.png','2024-12-17 18:53:13'),(197,'Umbreon','dark',NULL,'https://raw.githubusercontent.com/PokeAPI/sprites/master/sprites/pokemon/197.png','https://raw.githubusercontent.com/PokeAPI/sprites/master/sprites/pokemon/shiny/197.png','2024-12-17 18:53:13'),(198,'Murkrow','dark','flying','https://raw.githubusercontent.com/PokeAPI/sprites/master/sprites/pokemon/198.png','https://raw.githubusercontent.com/PokeAPI/sprites/master/sprites/pokemon/shiny/198.png','2024-12-17 18:53:13'),(199,'Slowking','water','psychic','https://raw.githubusercontent.com/PokeAPI/sprites/master/sprites/pokemon/199.png','https://raw.githubusercontent.com/PokeAPI/sprites/master/sprites/pokemon/shiny/199.png','2024-12-17 18:53:13'),(200,'Misdreavus','ghost',NULL,'https://raw.githubusercontent.com/PokeAPI/sprites/master/sprites/pokemon/200.png','https://raw.githubusercontent.com/PokeAPI/sprites/master/sprites/pokemon/shiny/200.png','2024-12-17 18:53:13'),(201,'Unown','psychic',NULL,'https://raw.githubusercontent.com/PokeAPI/sprites/master/sprites/pokemon/201.png','https://raw.githubusercontent.com/PokeAPI/sprites/master/sprites/pokemon/shiny/201.png','2024-12-17 18:53:13'),(202,'Wobbuffet','psychic',NULL,'https://raw.githubusercontent.com/PokeAPI/sprites/master/sprites/pokemon/202.png','https://raw.githubusercontent.com/PokeAPI/sprites/master/sprites/pokemon/shiny/202.png','2024-12-17 18:53:13'),(203,'Girafarig','normal','psychic','https://raw.githubusercontent.com/PokeAPI/sprites/master/sprites/pokemon/203.png','https://raw.githubusercontent.com/PokeAPI/sprites/master/sprites/pokemon/shiny/203.png','2024-12-17 18:53:13'),(204,'Pineco','bug',NULL,'https://raw.githubusercontent.com/PokeAPI/sprites/master/sprites/pokemon/204.png','https://raw.githubusercontent.com/PokeAPI/sprites/master/sprites/pokemon/shiny/204.png','2024-12-17 18:53:13'),(205,'Forretress','bug','steel','https://raw.githubusercontent.com/PokeAPI/sprites/master/sprites/pokemon/205.png','https://raw.githubusercontent.com/PokeAPI/sprites/master/sprites/pokemon/shiny/205.png','2024-12-17 18:53:13'),(206,'Dunsparce','normal',NULL,'https://raw.githubusercontent.com/PokeAPI/sprites/master/sprites/pokemon/206.png','https://raw.githubusercontent.com/PokeAPI/sprites/master/sprites/pokemon/shiny/206.png','2024-12-17 18:53:13'),(207,'Gligar','ground','flying','https://raw.githubusercontent.com/PokeAPI/sprites/master/sprites/pokemon/207.png','https://raw.githubusercontent.com/PokeAPI/sprites/master/sprites/pokemon/shiny/207.png','2024-12-17 18:53:13'),(208,'Steelix','steel','ground','https://raw.githubusercontent.com/PokeAPI/sprites/master/sprites/pokemon/208.png','https://raw.githubusercontent.com/PokeAPI/sprites/master/sprites/pokemon/shiny/208.png','2024-12-17 18:53:13'),(209,'Snubbull','fairy',NULL,'https://raw.githubusercontent.com/PokeAPI/sprites/master/sprites/pokemon/209.png','https://raw.githubusercontent.com/PokeAPI/sprites/master/sprites/pokemon/shiny/209.png','2024-12-17 18:53:13'),(210,'Granbull','fairy',NULL,'https://raw.githubusercontent.com/PokeAPI/sprites/master/sprites/pokemon/210.png','https://raw.githubusercontent.com/PokeAPI/sprites/master/sprites/pokemon/shiny/210.png','2024-12-17 18:53:13'),(211,'Qwilfish','water','poison','https://raw.githubusercontent.com/PokeAPI/sprites/master/sprites/pokemon/211.png','https://raw.githubusercontent.com/PokeAPI/sprites/master/sprites/pokemon/shiny/211.png','2024-12-17 18:53:13'),(212,'Scizor','bug','steel','https://raw.githubusercontent.com/PokeAPI/sprites/master/sprites/pokemon/212.png','https://raw.githubusercontent.com/PokeAPI/sprites/master/sprites/pokemon/shiny/212.png','2024-12-17 18:53:13'),(213,'Shuckle','bug','rock','https://raw.githubusercontent.com/PokeAPI/sprites/master/sprites/pokemon/213.png','https://raw.githubusercontent.com/PokeAPI/sprites/master/sprites/pokemon/shiny/213.png','2024-12-17 18:53:13'),(214,'Heracross','bug','fighting','https://raw.githubusercontent.com/PokeAPI/sprites/master/sprites/pokemon/214.png','https://raw.githubusercontent.com/PokeAPI/sprites/master/sprites/pokemon/shiny/214.png','2024-12-17 18:53:13'),(215,'Sneasel','dark','ice','https://raw.githubusercontent.com/PokeAPI/sprites/master/sprites/pokemon/215.png','https://raw.githubusercontent.com/PokeAPI/sprites/master/sprites/pokemon/shiny/215.png','2024-12-17 18:53:13'),(216,'Teddiursa','normal',NULL,'https://raw.githubusercontent.com/PokeAPI/sprites/master/sprites/pokemon/216.png','https://raw.githubusercontent.com/PokeAPI/sprites/master/sprites/pokemon/shiny/216.png','2024-12-17 18:53:13'),(217,'Ursaring','normal',NULL,'https://raw.githubusercontent.com/PokeAPI/sprites/master/sprites/pokemon/217.png','https://raw.githubusercontent.com/PokeAPI/sprites/master/sprites/pokemon/shiny/217.png','2024-12-17 18:53:13'),(218,'Slugma','fire',NULL,'https://raw.githubusercontent.com/PokeAPI/sprites/master/sprites/pokemon/218.png','https://raw.githubusercontent.com/PokeAPI/sprites/master/sprites/pokemon/shiny/218.png','2024-12-17 18:53:13'),(219,'Magcargo','fire','rock','https://raw.githubusercontent.com/PokeAPI/sprites/master/sprites/pokemon/219.png','https://raw.githubusercontent.com/PokeAPI/sprites/master/sprites/pokemon/shiny/219.png','2024-12-17 18:53:13'),(220,'Swinub','ice','ground','https://raw.githubusercontent.com/PokeAPI/sprites/master/sprites/pokemon/220.png','https://raw.githubusercontent.com/PokeAPI/sprites/master/sprites/pokemon/shiny/220.png','2024-12-17 18:53:13'),(221,'Piloswine','ice','ground','https://raw.githubusercontent.com/PokeAPI/sprites/master/sprites/pokemon/221.png','https://raw.githubusercontent.com/PokeAPI/sprites/master/sprites/pokemon/shiny/221.png','2024-12-17 18:53:13'),(222,'Corsola','water','rock','https://raw.githubusercontent.com/PokeAPI/sprites/master/sprites/pokemon/222.png','https://raw.githubusercontent.com/PokeAPI/sprites/master/sprites/pokemon/shiny/222.png','2024-12-17 18:53:13'),(223,'Remoraid','water',NULL,'https://raw.githubusercontent.com/PokeAPI/sprites/master/sprites/pokemon/223.png','https://raw.githubusercontent.com/PokeAPI/sprites/master/sprites/pokemon/shiny/223.png','2024-12-17 18:53:13'),(224,'Octillery','water',NULL,'https://raw.githubusercontent.com/PokeAPI/sprites/master/sprites/pokemon/224.png','https://raw.githubusercontent.com/PokeAPI/sprites/master/sprites/pokemon/shiny/224.png','2024-12-17 18:53:13'),(225,'Delibird','ice','flying','https://raw.githubusercontent.com/PokeAPI/sprites/master/sprites/pokemon/225.png','https://raw.githubusercontent.com/PokeAPI/sprites/master/sprites/pokemon/shiny/225.png','2024-12-17 18:53:13'),(226,'Mantine','water','flying','https://raw.githubusercontent.com/PokeAPI/sprites/master/sprites/pokemon/226.png','https://raw.githubusercontent.com/PokeAPI/sprites/master/sprites/pokemon/shiny/226.png','2024-12-17 18:53:13'),(227,'Skarmory','steel','flying','https://raw.githubusercontent.com/PokeAPI/sprites/master/sprites/pokemon/227.png','https://raw.githubusercontent.com/PokeAPI/sprites/master/sprites/pokemon/shiny/227.png','2024-12-17 18:53:13'),(228,'Houndour','dark','fire','https://raw.githubusercontent.com/PokeAPI/sprites/master/sprites/pokemon/228.png','https://raw.githubusercontent.com/PokeAPI/sprites/master/sprites/pokemon/shiny/228.png','2024-12-17 18:53:13'),(229,'Houndoom','dark','fire','https://raw.githubusercontent.com/PokeAPI/sprites/master/sprites/pokemon/229.png','https://raw.githubusercontent.com/PokeAPI/sprites/master/sprites/pokemon/shiny/229.png','2024-12-17 18:53:13'),(230,'Kingdra','water','dragon','https://raw.githubusercontent.com/PokeAPI/sprites/master/sprites/pokemon/230.png','https://raw.githubusercontent.com/PokeAPI/sprites/master/sprites/pokemon/shiny/230.png','2024-12-17 18:53:13'),(231,'Phanpy','ground',NULL,'https://raw.githubusercontent.com/PokeAPI/sprites/master/sprites/pokemon/231.png','https://raw.githubusercontent.com/PokeAPI/sprites/master/sprites/pokemon/shiny/231.png','2024-12-17 18:53:13'),(232,'Donphan','ground',NULL,'https://raw.githubusercontent.com/PokeAPI/sprites/master/sprites/pokemon/232.png','https://raw.githubusercontent.com/PokeAPI/sprites/master/sprites/pokemon/shiny/232.png','2024-12-17 18:53:13'),(233,'Porygon2','normal',NULL,'https://raw.githubusercontent.com/PokeAPI/sprites/master/sprites/pokemon/233.png','https://raw.githubusercontent.com/PokeAPI/sprites/master/sprites/pokemon/shiny/233.png','2024-12-17 18:53:13'),(234,'Stantler','normal',NULL,'https://raw.githubusercontent.com/PokeAPI/sprites/master/sprites/pokemon/234.png','https://raw.githubusercontent.com/PokeAPI/sprites/master/sprites/pokemon/shiny/234.png','2024-12-17 18:53:13'),(235,'Smeargle','normal',NULL,'https://raw.githubusercontent.com/PokeAPI/sprites/master/sprites/pokemon/235.png','https://raw.githubusercontent.com/PokeAPI/sprites/master/sprites/pokemon/shiny/235.png','2024-12-17 18:53:13'),(236,'Tyrogue','fighting',NULL,'https://raw.githubusercontent.com/PokeAPI/sprites/master/sprites/pokemon/236.png','https://raw.githubusercontent.com/PokeAPI/sprites/master/sprites/pokemon/shiny/236.png','2024-12-17 18:53:13'),(237,'Hitmontop','fighting',NULL,'https://raw.githubusercontent.com/PokeAPI/sprites/master/sprites/pokemon/237.png','https://raw.githubusercontent.com/PokeAPI/sprites/master/sprites/pokemon/shiny/237.png','2024-12-17 18:53:13'),(238,'Smoochum','ice','psychic','https://raw.githubusercontent.com/PokeAPI/sprites/master/sprites/pokemon/238.png','https://raw.githubusercontent.com/PokeAPI/sprites/master/sprites/pokemon/shiny/238.png','2024-12-17 18:53:13'),(239,'Elekid','electric',NULL,'https://raw.githubusercontent.com/PokeAPI/sprites/master/sprites/pokemon/239.png','https://raw.githubusercontent.com/PokeAPI/sprites/master/sprites/pokemon/shiny/239.png','2024-12-17 18:53:13'),(240,'Magby','fire',NULL,'https://raw.githubusercontent.com/PokeAPI/sprites/master/sprites/pokemon/240.png','https://raw.githubusercontent.com/PokeAPI/sprites/master/sprites/pokemon/shiny/240.png','2024-12-17 18:53:13'),(241,'Miltank','normal',NULL,'https://raw.githubusercontent.com/PokeAPI/sprites/master/sprites/pokemon/241.png','https://raw.githubusercontent.com/PokeAPI/sprites/master/sprites/pokemon/shiny/241.png','2024-12-17 18:53:13'),(242,'Blissey','normal',NULL,'https://raw.githubusercontent.com/PokeAPI/sprites/master/sprites/pokemon/242.png','https://raw.githubusercontent.com/PokeAPI/sprites/master/sprites/pokemon/shiny/242.png','2024-12-17 18:53:13'),(243,'Raikou','electric',NULL,'https://raw.githubusercontent.com/PokeAPI/sprites/master/sprites/pokemon/243.png','https://raw.githubusercontent.com/PokeAPI/sprites/master/sprites/pokemon/shiny/243.png','2024-12-17 18:53:13'),(244,'Entei','fire',NULL,'https://raw.githubusercontent.com/PokeAPI/sprites/master/sprites/pokemon/244.png','https://raw.githubusercontent.com/PokeAPI/sprites/master/sprites/pokemon/shiny/244.png','2024-12-17 18:53:13'),(245,'Suicune','water',NULL,'https://raw.githubusercontent.com/PokeAPI/sprites/master/sprites/pokemon/245.png','https://raw.githubusercontent.com/PokeAPI/sprites/master/sprites/pokemon/shiny/245.png','2024-12-17 18:53:13'),(246,'Larvitar','rock','ground','https://raw.githubusercontent.com/PokeAPI/sprites/master/sprites/pokemon/246.png','https://raw.githubusercontent.com/PokeAPI/sprites/master/sprites/pokemon/shiny/246.png','2024-12-17 18:53:13'),(247,'Pupitar','rock','ground','https://raw.githubusercontent.com/PokeAPI/sprites/master/sprites/pokemon/247.png','https://raw.githubusercontent.com/PokeAPI/sprites/master/sprites/pokemon/shiny/247.png','2024-12-17 18:53:13'),(248,'Tyranitar','rock','dark','https://raw.githubusercontent.com/PokeAPI/sprites/master/sprites/pokemon/248.png','https://raw.githubusercontent.com/PokeAPI/sprites/master/sprites/pokemon/shiny/248.png','2024-12-17 18:53:13'),(249,'Lugia','psychic','flying','https://raw.githubusercontent.com/PokeAPI/sprites/master/sprites/pokemon/249.png','https://raw.githubusercontent.com/PokeAPI/sprites/master/sprites/pokemon/shiny/249.png','2024-12-17 18:53:13'),(250,'Ho Oh','fire','flying','https://raw.githubusercontent.com/PokeAPI/sprites/master/sprites/pokemon/250.png','https://raw.githubusercontent.com/PokeAPI/sprites/master/sprites/pokemon/shiny/250.png','2024-12-17 18:53:13'),(251,'Celebi','psychic','grass','https://raw.githubusercontent.com/PokeAPI/sprites/master/sprites/pokemon/251.png','https://raw.githubusercontent.com/PokeAPI/sprites/master/sprites/pokemon/shiny/251.png','2024-12-17 18:53:13'),(252,'Treecko','grass',NULL,'https://raw.githubusercontent.com/PokeAPI/sprites/master/sprites/pokemon/252.png','https://raw.githubusercontent.com/PokeAPI/sprites/master/sprites/pokemon/shiny/252.png','2024-12-17 18:53:13'),(253,'Grovyle','grass',NULL,'https://raw.githubusercontent.com/PokeAPI/sprites/master/sprites/pokemon/253.png','https://raw.githubusercontent.com/PokeAPI/sprites/master/sprites/pokemon/shiny/253.png','2024-12-17 18:53:13'),(254,'Sceptile','grass',NULL,'https://raw.githubusercontent.com/PokeAPI/sprites/master/sprites/pokemon/254.png','https://raw.githubusercontent.com/PokeAPI/sprites/master/sprites/pokemon/shiny/254.png','2024-12-17 18:53:13'),(255,'Torchic','fire',NULL,'https://raw.githubusercontent.com/PokeAPI/sprites/master/sprites/pokemon/255.png','https://raw.githubusercontent.com/PokeAPI/sprites/master/sprites/pokemon/shiny/255.png','2024-12-17 18:53:13'),(256,'Combusken','fire','fighting','https://raw.githubusercontent.com/PokeAPI/sprites/master/sprites/pokemon/256.png','https://raw.githubusercontent.com/PokeAPI/sprites/master/sprites/pokemon/shiny/256.png','2024-12-17 18:53:13'),(257,'Blaziken','fire','fighting','https://raw.githubusercontent.com/PokeAPI/sprites/master/sprites/pokemon/257.png','https://raw.githubusercontent.com/PokeAPI/sprites/master/sprites/pokemon/shiny/257.png','2024-12-17 18:53:13'),(258,'Mudkip','water',NULL,'https://raw.githubusercontent.com/PokeAPI/sprites/master/sprites/pokemon/258.png','https://raw.githubusercontent.com/PokeAPI/sprites/master/sprites/pokemon/shiny/258.png','2024-12-17 18:53:13'),(259,'Marshtomp','water','ground','https://raw.githubusercontent.com/PokeAPI/sprites/master/sprites/pokemon/259.png','https://raw.githubusercontent.com/PokeAPI/sprites/master/sprites/pokemon/shiny/259.png','2024-12-17 18:53:13'),(260,'Swampert','water','ground','https://raw.githubusercontent.com/PokeAPI/sprites/master/sprites/pokemon/260.png','https://raw.githubusercontent.com/PokeAPI/sprites/master/sprites/pokemon/shiny/260.png','2024-12-17 18:53:13'),(261,'Poochyena','dark',NULL,'https://raw.githubusercontent.com/PokeAPI/sprites/master/sprites/pokemon/261.png','https://raw.githubusercontent.com/PokeAPI/sprites/master/sprites/pokemon/shiny/261.png','2024-12-17 18:53:13'),(262,'Mightyena','dark',NULL,'https://raw.githubusercontent.com/PokeAPI/sprites/master/sprites/pokemon/262.png','https://raw.githubusercontent.com/PokeAPI/sprites/master/sprites/pokemon/shiny/262.png','2024-12-17 18:53:13'),(263,'Zigzagoon','normal',NULL,'https://raw.githubusercontent.com/PokeAPI/sprites/master/sprites/pokemon/263.png','https://raw.githubusercontent.com/PokeAPI/sprites/master/sprites/pokemon/shiny/263.png','2024-12-17 18:53:13'),(264,'Linoone','normal',NULL,'https://raw.githubusercontent.com/PokeAPI/sprites/master/sprites/pokemon/264.png','https://raw.githubusercontent.com/PokeAPI/sprites/master/sprites/pokemon/shiny/264.png','2024-12-17 18:53:13'),(265,'Wurmple','bug',NULL,'https://raw.githubusercontent.com/PokeAPI/sprites/master/sprites/pokemon/265.png','https://raw.githubusercontent.com/PokeAPI/sprites/master/sprites/pokemon/shiny/265.png','2024-12-17 18:53:13'),(266,'Silcoon','bug',NULL,'https://raw.githubusercontent.com/PokeAPI/sprites/master/sprites/pokemon/266.png','https://raw.githubusercontent.com/PokeAPI/sprites/master/sprites/pokemon/shiny/266.png','2024-12-17 18:53:13'),(267,'Beautifly','bug','flying','https://raw.githubusercontent.com/PokeAPI/sprites/master/sprites/pokemon/267.png','https://raw.githubusercontent.com/PokeAPI/sprites/master/sprites/pokemon/shiny/267.png','2024-12-17 18:53:13'),(268,'Cascoon','bug',NULL,'https://raw.githubusercontent.com/PokeAPI/sprites/master/sprites/pokemon/268.png','https://raw.githubusercontent.com/PokeAPI/sprites/master/sprites/pokemon/shiny/268.png','2024-12-17 18:53:13'),(269,'Dustox','bug','poison','https://raw.githubusercontent.com/PokeAPI/sprites/master/sprites/pokemon/269.png','https://raw.githubusercontent.com/PokeAPI/sprites/master/sprites/pokemon/shiny/269.png','2024-12-17 18:53:13'),(270,'Lotad','water','grass','https://raw.githubusercontent.com/PokeAPI/sprites/master/sprites/pokemon/270.png','https://raw.githubusercontent.com/PokeAPI/sprites/master/sprites/pokemon/shiny/270.png','2024-12-17 18:53:13'),(271,'Lombre','water','grass','https://raw.githubusercontent.com/PokeAPI/sprites/master/sprites/pokemon/271.png','https://raw.githubusercontent.com/PokeAPI/sprites/master/sprites/pokemon/shiny/271.png','2024-12-17 18:53:13'),(272,'Ludicolo','water','grass','https://raw.githubusercontent.com/PokeAPI/sprites/master/sprites/pokemon/272.png','https://raw.githubusercontent.com/PokeAPI/sprites/master/sprites/pokemon/shiny/272.png','2024-12-17 18:53:13'),(273,'Seedot','grass',NULL,'https://raw.githubusercontent.com/PokeAPI/sprites/master/sprites/pokemon/273.png','https://raw.githubusercontent.com/PokeAPI/sprites/master/sprites/pokemon/shiny/273.png','2024-12-17 18:53:13'),(274,'Nuzleaf','grass','dark','https://raw.githubusercontent.com/PokeAPI/sprites/master/sprites/pokemon/274.png','https://raw.githubusercontent.com/PokeAPI/sprites/master/sprites/pokemon/shiny/274.png','2024-12-17 18:53:13'),(275,'Shiftry','grass','dark','https://raw.githubusercontent.com/PokeAPI/sprites/master/sprites/pokemon/275.png','https://raw.githubusercontent.com/PokeAPI/sprites/master/sprites/pokemon/shiny/275.png','2024-12-17 18:53:13'),(276,'Taillow','normal','flying','https://raw.githubusercontent.com/PokeAPI/sprites/master/sprites/pokemon/276.png','https://raw.githubusercontent.com/PokeAPI/sprites/master/sprites/pokemon/shiny/276.png','2024-12-17 18:53:13'),(277,'Swellow','normal','flying','https://raw.githubusercontent.com/PokeAPI/sprites/master/sprites/pokemon/277.png','https://raw.githubusercontent.com/PokeAPI/sprites/master/sprites/pokemon/shiny/277.png','2024-12-17 18:53:13'),(278,'Wingull','water','flying','https://raw.githubusercontent.com/PokeAPI/sprites/master/sprites/pokemon/278.png','https://raw.githubusercontent.com/PokeAPI/sprites/master/sprites/pokemon/shiny/278.png','2024-12-17 18:53:13'),(279,'Pelipper','water','flying','https://raw.githubusercontent.com/PokeAPI/sprites/master/sprites/pokemon/279.png','https://raw.githubusercontent.com/PokeAPI/sprites/master/sprites/pokemon/shiny/279.png','2024-12-17 18:53:13'),(280,'Ralts','psychic','fairy','https://raw.githubusercontent.com/PokeAPI/sprites/master/sprites/pokemon/280.png','https://raw.githubusercontent.com/PokeAPI/sprites/master/sprites/pokemon/shiny/280.png','2024-12-17 18:53:13'),(281,'Kirlia','psychic','fairy','https://raw.githubusercontent.com/PokeAPI/sprites/master/sprites/pokemon/281.png','https://raw.githubusercontent.com/PokeAPI/sprites/master/sprites/pokemon/shiny/281.png','2024-12-17 18:53:13'),(282,'Gardevoir','psychic','fairy','https://raw.githubusercontent.com/PokeAPI/sprites/master/sprites/pokemon/282.png','https://raw.githubusercontent.com/PokeAPI/sprites/master/sprites/pokemon/shiny/282.png','2024-12-17 18:53:13'),(283,'Surskit','bug','water','https://raw.githubusercontent.com/PokeAPI/sprites/master/sprites/pokemon/283.png','https://raw.githubusercontent.com/PokeAPI/sprites/master/sprites/pokemon/shiny/283.png','2024-12-17 18:53:13'),(284,'Masquerain','bug','flying','https://raw.githubusercontent.com/PokeAPI/sprites/master/sprites/pokemon/284.png','https://raw.githubusercontent.com/PokeAPI/sprites/master/sprites/pokemon/shiny/284.png','2024-12-17 18:53:13'),(285,'Shroomish','grass',NULL,'https://raw.githubusercontent.com/PokeAPI/sprites/master/sprites/pokemon/285.png','https://raw.githubusercontent.com/PokeAPI/sprites/master/sprites/pokemon/shiny/285.png','2024-12-17 18:53:13'),(286,'Breloom','grass','fighting','https://raw.githubusercontent.com/PokeAPI/sprites/master/sprites/pokemon/286.png','https://raw.githubusercontent.com/PokeAPI/sprites/master/sprites/pokemon/shiny/286.png','2024-12-17 18:53:13'),(287,'Slakoth','normal',NULL,'https://raw.githubusercontent.com/PokeAPI/sprites/master/sprites/pokemon/287.png','https://raw.githubusercontent.com/PokeAPI/sprites/master/sprites/pokemon/shiny/287.png','2024-12-17 18:53:13'),(288,'Vigoroth','normal',NULL,'https://raw.githubusercontent.com/PokeAPI/sprites/master/sprites/pokemon/288.png','https://raw.githubusercontent.com/PokeAPI/sprites/master/sprites/pokemon/shiny/288.png','2024-12-17 18:53:13'),(289,'Slaking','normal',NULL,'https://raw.githubusercontent.com/PokeAPI/sprites/master/sprites/pokemon/289.png','https://raw.githubusercontent.com/PokeAPI/sprites/master/sprites/pokemon/shiny/289.png','2024-12-17 18:53:13'),(290,'Nincada','bug','ground','https://raw.githubusercontent.com/PokeAPI/sprites/master/sprites/pokemon/290.png','https://raw.githubusercontent.com/PokeAPI/sprites/master/sprites/pokemon/shiny/290.png','2024-12-17 18:53:13'),(291,'Ninjask','bug','flying','https://raw.githubusercontent.com/PokeAPI/sprites/master/sprites/pokemon/291.png','https://raw.githubusercontent.com/PokeAPI/sprites/master/sprites/pokemon/shiny/291.png','2024-12-17 18:53:13'),(292,'Shedinja','bug','ghost','https://raw.githubusercontent.com/PokeAPI/sprites/master/sprites/pokemon/292.png','https://raw.githubusercontent.com/PokeAPI/sprites/master/sprites/pokemon/shiny/292.png','2024-12-17 18:53:13'),(293,'Whismur','normal',NULL,'https://raw.githubusercontent.com/PokeAPI/sprites/master/sprites/pokemon/293.png','https://raw.githubusercontent.com/PokeAPI/sprites/master/sprites/pokemon/shiny/293.png','2024-12-17 18:53:13'),(294,'Loudred','normal',NULL,'https://raw.githubusercontent.com/PokeAPI/sprites/master/sprites/pokemon/294.png','https://raw.githubusercontent.com/PokeAPI/sprites/master/sprites/pokemon/shiny/294.png','2024-12-17 18:53:13'),(295,'Exploud','normal',NULL,'https://raw.githubusercontent.com/PokeAPI/sprites/master/sprites/pokemon/295.png','https://raw.githubusercontent.com/PokeAPI/sprites/master/sprites/pokemon/shiny/295.png','2024-12-17 18:53:13'),(296,'Makuhita','fighting',NULL,'https://raw.githubusercontent.com/PokeAPI/sprites/master/sprites/pokemon/296.png','https://raw.githubusercontent.com/PokeAPI/sprites/master/sprites/pokemon/shiny/296.png','2024-12-17 18:53:13'),(297,'Hariyama','fighting',NULL,'https://raw.githubusercontent.com/PokeAPI/sprites/master/sprites/pokemon/297.png','https://raw.githubusercontent.com/PokeAPI/sprites/master/sprites/pokemon/shiny/297.png','2024-12-17 18:53:13'),(298,'Azurill','normal','fairy','https://raw.githubusercontent.com/PokeAPI/sprites/master/sprites/pokemon/298.png','https://raw.githubusercontent.com/PokeAPI/sprites/master/sprites/pokemon/shiny/298.png','2024-12-17 18:53:13'),(299,'Nosepass','rock',NULL,'https://raw.githubusercontent.com/PokeAPI/sprites/master/sprites/pokemon/299.png','https://raw.githubusercontent.com/PokeAPI/sprites/master/sprites/pokemon/shiny/299.png','2024-12-17 18:53:13'),(300,'Skitty','normal',NULL,'https://raw.githubusercontent.com/PokeAPI/sprites/master/sprites/pokemon/300.png','https://raw.githubusercontent.com/PokeAPI/sprites/master/sprites/pokemon/shiny/300.png','2024-12-17 18:53:13'),(301,'Delcatty','normal',NULL,'https://raw.githubusercontent.com/PokeAPI/sprites/master/sprites/pokemon/301.png','https://raw.githubusercontent.com/PokeAPI/sprites/master/sprites/pokemon/shiny/301.png','2024-12-17 18:53:13'),(302,'Sableye','dark','ghost','https://raw.githubusercontent.com/PokeAPI/sprites/master/sprites/pokemon/302.png','https://raw.githubusercontent.com/PokeAPI/sprites/master/sprites/pokemon/shiny/302.png','2024-12-17 18:53:13'),(303,'Mawile','steel','fairy','https://raw.githubusercontent.com/PokeAPI/sprites/master/sprites/pokemon/303.png','https://raw.githubusercontent.com/PokeAPI/sprites/master/sprites/pokemon/shiny/303.png','2024-12-17 18:53:13'),(304,'Aron','steel','rock','https://raw.githubusercontent.com/PokeAPI/sprites/master/sprites/pokemon/304.png','https://raw.githubusercontent.com/PokeAPI/sprites/master/sprites/pokemon/shiny/304.png','2024-12-17 18:53:13'),(305,'Lairon','steel','rock','https://raw.githubusercontent.com/PokeAPI/sprites/master/sprites/pokemon/305.png','https://raw.githubusercontent.com/PokeAPI/sprites/master/sprites/pokemon/shiny/305.png','2024-12-17 18:53:13'),(306,'Aggron','steel','rock','https://raw.githubusercontent.com/PokeAPI/sprites/master/sprites/pokemon/306.png','https://raw.githubusercontent.com/PokeAPI/sprites/master/sprites/pokemon/shiny/306.png','2024-12-17 18:53:13'),(307,'Meditite','fighting','psychic','https://raw.githubusercontent.com/PokeAPI/sprites/master/sprites/pokemon/307.png','https://raw.githubusercontent.com/PokeAPI/sprites/master/sprites/pokemon/shiny/307.png','2024-12-17 18:53:13'),(308,'Medicham','fighting','psychic','https://raw.githubusercontent.com/PokeAPI/sprites/master/sprites/pokemon/308.png','https://raw.githubusercontent.com/PokeAPI/sprites/master/sprites/pokemon/shiny/308.png','2024-12-17 18:53:13'),(309,'Electrike','electric',NULL,'https://raw.githubusercontent.com/PokeAPI/sprites/master/sprites/pokemon/309.png','https://raw.githubusercontent.com/PokeAPI/sprites/master/sprites/pokemon/shiny/309.png','2024-12-17 18:53:13'),(310,'Manectric','electric',NULL,'https://raw.githubusercontent.com/PokeAPI/sprites/master/sprites/pokemon/310.png','https://raw.githubusercontent.com/PokeAPI/sprites/master/sprites/pokemon/shiny/310.png','2024-12-17 18:53:13'),(311,'Plusle','electric',NULL,'https://raw.githubusercontent.com/PokeAPI/sprites/master/sprites/pokemon/311.png','https://raw.githubusercontent.com/PokeAPI/sprites/master/sprites/pokemon/shiny/311.png','2024-12-17 18:53:13'),(312,'Minun','electric',NULL,'https://raw.githubusercontent.com/PokeAPI/sprites/master/sprites/pokemon/312.png','https://raw.githubusercontent.com/PokeAPI/sprites/master/sprites/pokemon/shiny/312.png','2024-12-17 18:53:13'),(313,'Volbeat','bug',NULL,'https://raw.githubusercontent.com/PokeAPI/sprites/master/sprites/pokemon/313.png','https://raw.githubusercontent.com/PokeAPI/sprites/master/sprites/pokemon/shiny/313.png','2024-12-17 18:53:13'),(314,'Illumise','bug',NULL,'https://raw.githubusercontent.com/PokeAPI/sprites/master/sprites/pokemon/314.png','https://raw.githubusercontent.com/PokeAPI/sprites/master/sprites/pokemon/shiny/314.png','2024-12-17 18:53:13'),(315,'Roselia','grass','poison','https://raw.githubusercontent.com/PokeAPI/sprites/master/sprites/pokemon/315.png','https://raw.githubusercontent.com/PokeAPI/sprites/master/sprites/pokemon/shiny/315.png','2024-12-17 18:53:13'),(316,'Gulpin','poison',NULL,'https://raw.githubusercontent.com/PokeAPI/sprites/master/sprites/pokemon/316.png','https://raw.githubusercontent.com/PokeAPI/sprites/master/sprites/pokemon/shiny/316.png','2024-12-17 18:53:13'),(317,'Swalot','poison',NULL,'https://raw.githubusercontent.com/PokeAPI/sprites/master/sprites/pokemon/317.png','https://raw.githubusercontent.com/PokeAPI/sprites/master/sprites/pokemon/shiny/317.png','2024-12-17 18:53:13'),(318,'Carvanha','water','dark','https://raw.githubusercontent.com/PokeAPI/sprites/master/sprites/pokemon/318.png','https://raw.githubusercontent.com/PokeAPI/sprites/master/sprites/pokemon/shiny/318.png','2024-12-17 18:53:13'),(319,'Sharpedo','water','dark','https://raw.githubusercontent.com/PokeAPI/sprites/master/sprites/pokemon/319.png','https://raw.githubusercontent.com/PokeAPI/sprites/master/sprites/pokemon/shiny/319.png','2024-12-17 18:53:13'),(320,'Wailmer','water',NULL,'https://raw.githubusercontent.com/PokeAPI/sprites/master/sprites/pokemon/320.png','https://raw.githubusercontent.com/PokeAPI/sprites/master/sprites/pokemon/shiny/320.png','2024-12-17 18:53:13'),(321,'Wailord','water',NULL,'https://raw.githubusercontent.com/PokeAPI/sprites/master/sprites/pokemon/321.png','https://raw.githubusercontent.com/PokeAPI/sprites/master/sprites/pokemon/shiny/321.png','2024-12-17 18:53:13'),(322,'Numel','fire','ground','https://raw.githubusercontent.com/PokeAPI/sprites/master/sprites/pokemon/322.png','https://raw.githubusercontent.com/PokeAPI/sprites/master/sprites/pokemon/shiny/322.png','2024-12-17 18:53:13'),(323,'Camerupt','fire','ground','https://raw.githubusercontent.com/PokeAPI/sprites/master/sprites/pokemon/323.png','https://raw.githubusercontent.com/PokeAPI/sprites/master/sprites/pokemon/shiny/323.png','2024-12-17 18:53:13'),(324,'Torkoal','fire',NULL,'https://raw.githubusercontent.com/PokeAPI/sprites/master/sprites/pokemon/324.png','https://raw.githubusercontent.com/PokeAPI/sprites/master/sprites/pokemon/shiny/324.png','2024-12-17 18:53:13'),(325,'Spoink','psychic',NULL,'https://raw.githubusercontent.com/PokeAPI/sprites/master/sprites/pokemon/325.png','https://raw.githubusercontent.com/PokeAPI/sprites/master/sprites/pokemon/shiny/325.png','2024-12-17 18:53:13'),(326,'Grumpig','psychic',NULL,'https://raw.githubusercontent.com/PokeAPI/sprites/master/sprites/pokemon/326.png','https://raw.githubusercontent.com/PokeAPI/sprites/master/sprites/pokemon/shiny/326.png','2024-12-17 18:53:13'),(327,'Spinda','normal',NULL,'https://raw.githubusercontent.com/PokeAPI/sprites/master/sprites/pokemon/327.png','https://raw.githubusercontent.com/PokeAPI/sprites/master/sprites/pokemon/shiny/327.png','2024-12-17 18:53:13'),(328,'Trapinch','ground',NULL,'https://raw.githubusercontent.com/PokeAPI/sprites/master/sprites/pokemon/328.png','https://raw.githubusercontent.com/PokeAPI/sprites/master/sprites/pokemon/shiny/328.png','2024-12-17 18:53:13'),(329,'Vibrava','ground','dragon','https://raw.githubusercontent.com/PokeAPI/sprites/master/sprites/pokemon/329.png','https://raw.githubusercontent.com/PokeAPI/sprites/master/sprites/pokemon/shiny/329.png','2024-12-17 18:53:13'),(330,'Flygon','ground','dragon','https://raw.githubusercontent.com/PokeAPI/sprites/master/sprites/pokemon/330.png','https://raw.githubusercontent.com/PokeAPI/sprites/master/sprites/pokemon/shiny/330.png','2024-12-17 18:53:13'),(331,'Cacnea','grass',NULL,'https://raw.githubusercontent.com/PokeAPI/sprites/master/sprites/pokemon/331.png','https://raw.githubusercontent.com/PokeAPI/sprites/master/sprites/pokemon/shiny/331.png','2024-12-17 18:53:13'),(332,'Cacturne','grass','dark','https://raw.githubusercontent.com/PokeAPI/sprites/master/sprites/pokemon/332.png','https://raw.githubusercontent.com/PokeAPI/sprites/master/sprites/pokemon/shiny/332.png','2024-12-17 18:53:13'),(333,'Swablu','normal','flying','https://raw.githubusercontent.com/PokeAPI/sprites/master/sprites/pokemon/333.png','https://raw.githubusercontent.com/PokeAPI/sprites/master/sprites/pokemon/shiny/333.png','2024-12-17 18:53:13'),(334,'Altaria','dragon','flying','https://raw.githubusercontent.com/PokeAPI/sprites/master/sprites/pokemon/334.png','https://raw.githubusercontent.com/PokeAPI/sprites/master/sprites/pokemon/shiny/334.png','2024-12-17 18:53:13'),(335,'Zangoose','normal',NULL,'https://raw.githubusercontent.com/PokeAPI/sprites/master/sprites/pokemon/335.png','https://raw.githubusercontent.com/PokeAPI/sprites/master/sprites/pokemon/shiny/335.png','2024-12-17 18:53:13'),(336,'Seviper','poison',NULL,'https://raw.githubusercontent.com/PokeAPI/sprites/master/sprites/pokemon/336.png','https://raw.githubusercontent.com/PokeAPI/sprites/master/sprites/pokemon/shiny/336.png','2024-12-17 18:53:13'),(337,'Lunatone','rock','psychic','https://raw.githubusercontent.com/PokeAPI/sprites/master/sprites/pokemon/337.png','https://raw.githubusercontent.com/PokeAPI/sprites/master/sprites/pokemon/shiny/337.png','2024-12-17 18:53:13'),(338,'Solrock','rock','psychic','https://raw.githubusercontent.com/PokeAPI/sprites/master/sprites/pokemon/338.png','https://raw.githubusercontent.com/PokeAPI/sprites/master/sprites/pokemon/shiny/338.png','2024-12-17 18:53:13'),(339,'Barboach','water','ground','https://raw.githubusercontent.com/PokeAPI/sprites/master/sprites/pokemon/339.png','https://raw.githubusercontent.com/PokeAPI/sprites/master/sprites/pokemon/shiny/339.png','2024-12-17 18:53:13'),(340,'Whiscash','water','ground','https://raw.githubusercontent.com/PokeAPI/sprites/master/sprites/pokemon/340.png','https://raw.githubusercontent.com/PokeAPI/sprites/master/sprites/pokemon/shiny/340.png','2024-12-17 18:53:13'),(341,'Corphish','water',NULL,'https://raw.githubusercontent.com/PokeAPI/sprites/master/sprites/pokemon/341.png','https://raw.githubusercontent.com/PokeAPI/sprites/master/sprites/pokemon/shiny/341.png','2024-12-17 18:53:13'),(342,'Crawdaunt','water','dark','https://raw.githubusercontent.com/PokeAPI/sprites/master/sprites/pokemon/342.png','https://raw.githubusercontent.com/PokeAPI/sprites/master/sprites/pokemon/shiny/342.png','2024-12-17 18:53:13'),(343,'Baltoy','ground','psychic','https://raw.githubusercontent.com/PokeAPI/sprites/master/sprites/pokemon/343.png','https://raw.githubusercontent.com/PokeAPI/sprites/master/sprites/pokemon/shiny/343.png','2024-12-17 18:53:13'),(344,'Claydol','ground','psychic','https://raw.githubusercontent.com/PokeAPI/sprites/master/sprites/pokemon/344.png','https://raw.githubusercontent.com/PokeAPI/sprites/master/sprites/pokemon/shiny/344.png','2024-12-17 18:53:13'),(345,'Lileep','rock','grass','https://raw.githubusercontent.com/PokeAPI/sprites/master/sprites/pokemon/345.png','https://raw.githubusercontent.com/PokeAPI/sprites/master/sprites/pokemon/shiny/345.png','2024-12-17 18:53:13'),(346,'Cradily','rock','grass','https://raw.githubusercontent.com/PokeAPI/sprites/master/sprites/pokemon/346.png','https://raw.githubusercontent.com/PokeAPI/sprites/master/sprites/pokemon/shiny/346.png','2024-12-17 18:53:13'),(347,'Anorith','rock','bug','https://raw.githubusercontent.com/PokeAPI/sprites/master/sprites/pokemon/347.png','https://raw.githubusercontent.com/PokeAPI/sprites/master/sprites/pokemon/shiny/347.png','2024-12-17 18:53:13'),(348,'Armaldo','rock','bug','https://raw.githubusercontent.com/PokeAPI/sprites/master/sprites/pokemon/348.png','https://raw.githubusercontent.com/PokeAPI/sprites/master/sprites/pokemon/shiny/348.png','2024-12-17 18:53:13'),(349,'Feebas','water',NULL,'https://raw.githubusercontent.com/PokeAPI/sprites/master/sprites/pokemon/349.png','https://raw.githubusercontent.com/PokeAPI/sprites/master/sprites/pokemon/shiny/349.png','2024-12-17 18:53:13'),(350,'Milotic','water',NULL,'https://raw.githubusercontent.com/PokeAPI/sprites/master/sprites/pokemon/350.png','https://raw.githubusercontent.com/PokeAPI/sprites/master/sprites/pokemon/shiny/350.png','2024-12-17 18:53:13'),(351,'Castform','normal',NULL,'https://raw.githubusercontent.com/PokeAPI/sprites/master/sprites/pokemon/351.png','https://raw.githubusercontent.com/PokeAPI/sprites/master/sprites/pokemon/shiny/351.png','2024-12-17 18:53:13'),(352,'Kecleon','normal',NULL,'https://raw.githubusercontent.com/PokeAPI/sprites/master/sprites/pokemon/352.png','https://raw.githubusercontent.com/PokeAPI/sprites/master/sprites/pokemon/shiny/352.png','2024-12-17 18:53:13'),(353,'Shuppet','ghost',NULL,'https://raw.githubusercontent.com/PokeAPI/sprites/master/sprites/pokemon/353.png','https://raw.githubusercontent.com/PokeAPI/sprites/master/sprites/pokemon/shiny/353.png','2024-12-17 18:53:13'),(354,'Banette','ghost',NULL,'https://raw.githubusercontent.com/PokeAPI/sprites/master/sprites/pokemon/354.png','https://raw.githubusercontent.com/PokeAPI/sprites/master/sprites/pokemon/shiny/354.png','2024-12-17 18:53:13'),(355,'Duskull','ghost',NULL,'https://raw.githubusercontent.com/PokeAPI/sprites/master/sprites/pokemon/355.png','https://raw.githubusercontent.com/PokeAPI/sprites/master/sprites/pokemon/shiny/355.png','2024-12-17 18:53:13'),(356,'Dusclops','ghost',NULL,'https://raw.githubusercontent.com/PokeAPI/sprites/master/sprites/pokemon/356.png','https://raw.githubusercontent.com/PokeAPI/sprites/master/sprites/pokemon/shiny/356.png','2024-12-17 18:53:13'),(357,'Tropius','grass','flying','https://raw.githubusercontent.com/PokeAPI/sprites/master/sprites/pokemon/357.png','https://raw.githubusercontent.com/PokeAPI/sprites/master/sprites/pokemon/shiny/357.png','2024-12-17 18:53:13'),(358,'Chimecho','psychic',NULL,'https://raw.githubusercontent.com/PokeAPI/sprites/master/sprites/pokemon/358.png','https://raw.githubusercontent.com/PokeAPI/sprites/master/sprites/pokemon/shiny/358.png','2024-12-17 18:53:13'),(359,'Absol','dark',NULL,'https://raw.githubusercontent.com/PokeAPI/sprites/master/sprites/pokemon/359.png','https://raw.githubusercontent.com/PokeAPI/sprites/master/sprites/pokemon/shiny/359.png','2024-12-17 18:53:13'),(360,'Wynaut','psychic',NULL,'https://raw.githubusercontent.com/PokeAPI/sprites/master/sprites/pokemon/360.png','https://raw.githubusercontent.com/PokeAPI/sprites/master/sprites/pokemon/shiny/360.png','2024-12-17 18:53:13'),(361,'Snorunt','ice',NULL,'https://raw.githubusercontent.com/PokeAPI/sprites/master/sprites/pokemon/361.png','https://raw.githubusercontent.com/PokeAPI/sprites/master/sprites/pokemon/shiny/361.png','2024-12-17 18:53:13'),(362,'Glalie','ice',NULL,'https://raw.githubusercontent.com/PokeAPI/sprites/master/sprites/pokemon/362.png','https://raw.githubusercontent.com/PokeAPI/sprites/master/sprites/pokemon/shiny/362.png','2024-12-17 18:53:13'),(363,'Spheal','ice','water','https://raw.githubusercontent.com/PokeAPI/sprites/master/sprites/pokemon/363.png','https://raw.githubusercontent.com/PokeAPI/sprites/master/sprites/pokemon/shiny/363.png','2024-12-17 18:53:13'),(364,'Sealeo','ice','water','https://raw.githubusercontent.com/PokeAPI/sprites/master/sprites/pokemon/364.png','https://raw.githubusercontent.com/PokeAPI/sprites/master/sprites/pokemon/shiny/364.png','2024-12-17 18:53:13'),(365,'Walrein','ice','water','https://raw.githubusercontent.com/PokeAPI/sprites/master/sprites/pokemon/365.png','https://raw.githubusercontent.com/PokeAPI/sprites/master/sprites/pokemon/shiny/365.png','2024-12-17 18:53:13'),(366,'Clamperl','water',NULL,'https://raw.githubusercontent.com/PokeAPI/sprites/master/sprites/pokemon/366.png','https://raw.githubusercontent.com/PokeAPI/sprites/master/sprites/pokemon/shiny/366.png','2024-12-17 18:53:13'),(367,'Huntail','water',NULL,'https://raw.githubusercontent.com/PokeAPI/sprites/master/sprites/pokemon/367.png','https://raw.githubusercontent.com/PokeAPI/sprites/master/sprites/pokemon/shiny/367.png','2024-12-17 18:53:13'),(368,'Gorebyss','water',NULL,'https://raw.githubusercontent.com/PokeAPI/sprites/master/sprites/pokemon/368.png','https://raw.githubusercontent.com/PokeAPI/sprites/master/sprites/pokemon/shiny/368.png','2024-12-17 18:53:13'),(369,'Relicanth','water','rock','https://raw.githubusercontent.com/PokeAPI/sprites/master/sprites/pokemon/369.png','https://raw.githubusercontent.com/PokeAPI/sprites/master/sprites/pokemon/shiny/369.png','2024-12-17 18:53:13'),(370,'Luvdisc','water',NULL,'https://raw.githubusercontent.com/PokeAPI/sprites/master/sprites/pokemon/370.png','https://raw.githubusercontent.com/PokeAPI/sprites/master/sprites/pokemon/shiny/370.png','2024-12-17 18:53:13'),(371,'Bagon','dragon',NULL,'https://raw.githubusercontent.com/PokeAPI/sprites/master/sprites/pokemon/371.png','https://raw.githubusercontent.com/PokeAPI/sprites/master/sprites/pokemon/shiny/371.png','2024-12-17 18:53:13'),(372,'Shelgon','dragon',NULL,'https://raw.githubusercontent.com/PokeAPI/sprites/master/sprites/pokemon/372.png','https://raw.githubusercontent.com/PokeAPI/sprites/master/sprites/pokemon/shiny/372.png','2024-12-17 18:53:13'),(373,'Salamence','dragon','flying','https://raw.githubusercontent.com/PokeAPI/sprites/master/sprites/pokemon/373.png','https://raw.githubusercontent.com/PokeAPI/sprites/master/sprites/pokemon/shiny/373.png','2024-12-17 18:53:13'),(374,'Beldum','steel','psychic','https://raw.githubusercontent.com/PokeAPI/sprites/master/sprites/pokemon/374.png','https://raw.githubusercontent.com/PokeAPI/sprites/master/sprites/pokemon/shiny/374.png','2024-12-17 18:53:13'),(375,'Metang','steel','psychic','https://raw.githubusercontent.com/PokeAPI/sprites/master/sprites/pokemon/375.png','https://raw.githubusercontent.com/PokeAPI/sprites/master/sprites/pokemon/shiny/375.png','2024-12-17 18:53:13'),(376,'Metagross','steel','psychic','https://raw.githubusercontent.com/PokeAPI/sprites/master/sprites/pokemon/376.png','https://raw.githubusercontent.com/PokeAPI/sprites/master/sprites/pokemon/shiny/376.png','2024-12-17 18:53:13'),(377,'Regirock','rock',NULL,'https://raw.githubusercontent.com/PokeAPI/sprites/master/sprites/pokemon/377.png','https://raw.githubusercontent.com/PokeAPI/sprites/master/sprites/pokemon/shiny/377.png','2024-12-17 18:53:13'),(378,'Regice','ice',NULL,'https://raw.githubusercontent.com/PokeAPI/sprites/master/sprites/pokemon/378.png','https://raw.githubusercontent.com/PokeAPI/sprites/master/sprites/pokemon/shiny/378.png','2024-12-17 18:53:13'),(379,'Registeel','steel',NULL,'https://raw.githubusercontent.com/PokeAPI/sprites/master/sprites/pokemon/379.png','https://raw.githubusercontent.com/PokeAPI/sprites/master/sprites/pokemon/shiny/379.png','2024-12-17 18:53:13'),(380,'Latias','dragon','psychic','https://raw.githubusercontent.com/PokeAPI/sprites/master/sprites/pokemon/380.png','https://raw.githubusercontent.com/PokeAPI/sprites/master/sprites/pokemon/shiny/380.png','2024-12-17 18:53:13'),(381,'Latios','dragon','psychic','https://raw.githubusercontent.com/PokeAPI/sprites/master/sprites/pokemon/381.png','https://raw.githubusercontent.com/PokeAPI/sprites/master/sprites/pokemon/shiny/381.png','2024-12-17 18:53:13'),(382,'Kyogre','water',NULL,'https://raw.githubusercontent.com/PokeAPI/sprites/master/sprites/pokemon/382.png','https://raw.githubusercontent.com/PokeAPI/sprites/master/sprites/pokemon/shiny/382.png','2024-12-17 18:53:13'),(383,'Groudon','ground',NULL,'https://raw.githubusercontent.com/PokeAPI/sprites/master/sprites/pokemon/383.png','https://raw.githubusercontent.com/PokeAPI/sprites/master/sprites/pokemon/shiny/383.png','2024-12-17 18:53:13'),(384,'Rayquaza','dragon','flying','https://raw.githubusercontent.com/PokeAPI/sprites/master/sprites/pokemon/384.png','https://raw.githubusercontent.com/PokeAPI/sprites/master/sprites/pokemon/shiny/384.png','2024-12-17 18:53:13'),(385,'Jirachi','steel','psychic','https://raw.githubusercontent.com/PokeAPI/sprites/master/sprites/pokemon/385.png','https://raw.githubusercontent.com/PokeAPI/sprites/master/sprites/pokemon/shiny/385.png','2024-12-17 18:53:13'),(386,'Deoxys Normal','psychic',NULL,'https://raw.githubusercontent.com/PokeAPI/sprites/master/sprites/pokemon/386.png','https://raw.githubusercontent.com/PokeAPI/sprites/master/sprites/pokemon/shiny/386.png','2024-12-17 18:53:13'),(387,'Turtwig','grass',NULL,'https://raw.githubusercontent.com/PokeAPI/sprites/master/sprites/pokemon/387.png','https://raw.githubusercontent.com/PokeAPI/sprites/master/sprites/pokemon/shiny/387.png','2024-12-17 18:53:13'),(388,'Grotle','grass',NULL,'https://raw.githubusercontent.com/PokeAPI/sprites/master/sprites/pokemon/388.png','https://raw.githubusercontent.com/PokeAPI/sprites/master/sprites/pokemon/shiny/388.png','2024-12-17 18:53:13'),(389,'Torterra','grass','ground','https://raw.githubusercontent.com/PokeAPI/sprites/master/sprites/pokemon/389.png','https://raw.githubusercontent.com/PokeAPI/sprites/master/sprites/pokemon/shiny/389.png','2024-12-17 18:53:13'),(390,'Chimchar','fire',NULL,'https://raw.githubusercontent.com/PokeAPI/sprites/master/sprites/pokemon/390.png','https://raw.githubusercontent.com/PokeAPI/sprites/master/sprites/pokemon/shiny/390.png','2024-12-17 18:53:13'),(391,'Monferno','fire','fighting','https://raw.githubusercontent.com/PokeAPI/sprites/master/sprites/pokemon/391.png','https://raw.githubusercontent.com/PokeAPI/sprites/master/sprites/pokemon/shiny/391.png','2024-12-17 18:53:13'),(392,'Infernape','fire','fighting','https://raw.githubusercontent.com/PokeAPI/sprites/master/sprites/pokemon/392.png','https://raw.githubusercontent.com/PokeAPI/sprites/master/sprites/pokemon/shiny/392.png','2024-12-17 18:53:13'),(393,'Piplup','water',NULL,'https://raw.githubusercontent.com/PokeAPI/sprites/master/sprites/pokemon/393.png','https://raw.githubusercontent.com/PokeAPI/sprites/master/sprites/pokemon/shiny/393.png','2024-12-17 18:53:13'),(394,'Prinplup','water',NULL,'https://raw.githubusercontent.com/PokeAPI/sprites/master/sprites/pokemon/394.png','https://raw.githubusercontent.com/PokeAPI/sprites/master/sprites/pokemon/shiny/394.png','2024-12-17 18:53:13'),(395,'Empoleon','water','steel','https://raw.githubusercontent.com/PokeAPI/sprites/master/sprites/pokemon/395.png','https://raw.githubusercontent.com/PokeAPI/sprites/master/sprites/pokemon/shiny/395.png','2024-12-17 18:53:13'),(396,'Starly','normal','flying','https://raw.githubusercontent.com/PokeAPI/sprites/master/sprites/pokemon/396.png','https://raw.githubusercontent.com/PokeAPI/sprites/master/sprites/pokemon/shiny/396.png','2024-12-17 18:53:13'),(397,'Staravia','normal','flying','https://raw.githubusercontent.com/PokeAPI/sprites/master/sprites/pokemon/397.png','https://raw.githubusercontent.com/PokeAPI/sprites/master/sprites/pokemon/shiny/397.png','2024-12-17 18:53:13'),(398,'Staraptor','normal','flying','https://raw.githubusercontent.com/PokeAPI/sprites/master/sprites/pokemon/398.png','https://raw.githubusercontent.com/PokeAPI/sprites/master/sprites/pokemon/shiny/398.png','2024-12-17 18:53:13'),(399,'Bidoof','normal',NULL,'https://raw.githubusercontent.com/PokeAPI/sprites/master/sprites/pokemon/399.png','https://raw.githubusercontent.com/PokeAPI/sprites/master/sprites/pokemon/shiny/399.png','2024-12-17 18:53:13'),(400,'Bibarel','normal','water','https://raw.githubusercontent.com/PokeAPI/sprites/master/sprites/pokemon/400.png','https://raw.githubusercontent.com/PokeAPI/sprites/master/sprites/pokemon/shiny/400.png','2024-12-17 18:53:13'),(401,'Kricketot','bug',NULL,'https://raw.githubusercontent.com/PokeAPI/sprites/master/sprites/pokemon/401.png','https://raw.githubusercontent.com/PokeAPI/sprites/master/sprites/pokemon/shiny/401.png','2024-12-17 18:53:13'),(402,'Kricketune','bug',NULL,'https://raw.githubusercontent.com/PokeAPI/sprites/master/sprites/pokemon/402.png','https://raw.githubusercontent.com/PokeAPI/sprites/master/sprites/pokemon/shiny/402.png','2024-12-17 18:53:13'),(403,'Shinx','electric',NULL,'https://raw.githubusercontent.com/PokeAPI/sprites/master/sprites/pokemon/403.png','https://raw.githubusercontent.com/PokeAPI/sprites/master/sprites/pokemon/shiny/403.png','2024-12-17 18:53:13'),(404,'Luxio','electric',NULL,'https://raw.githubusercontent.com/PokeAPI/sprites/master/sprites/pokemon/404.png','https://raw.githubusercontent.com/PokeAPI/sprites/master/sprites/pokemon/shiny/404.png','2024-12-17 18:53:13'),(405,'Luxray','electric',NULL,'https://raw.githubusercontent.com/PokeAPI/sprites/master/sprites/pokemon/405.png','https://raw.githubusercontent.com/PokeAPI/sprites/master/sprites/pokemon/shiny/405.png','2024-12-17 18:53:13'),(406,'Budew','grass','poison','https://raw.githubusercontent.com/PokeAPI/sprites/master/sprites/pokemon/406.png','https://raw.githubusercontent.com/PokeAPI/sprites/master/sprites/pokemon/shiny/406.png','2024-12-17 18:53:13'),(407,'Roserade','grass','poison','https://raw.githubusercontent.com/PokeAPI/sprites/master/sprites/pokemon/407.png','https://raw.githubusercontent.com/PokeAPI/sprites/master/sprites/pokemon/shiny/407.png','2024-12-17 18:53:13'),(408,'Cranidos','rock',NULL,'https://raw.githubusercontent.com/PokeAPI/sprites/master/sprites/pokemon/408.png','https://raw.githubusercontent.com/PokeAPI/sprites/master/sprites/pokemon/shiny/408.png','2024-12-17 18:53:13'),(409,'Rampardos','rock',NULL,'https://raw.githubusercontent.com/PokeAPI/sprites/master/sprites/pokemon/409.png','https://raw.githubusercontent.com/PokeAPI/sprites/master/sprites/pokemon/shiny/409.png','2024-12-17 18:53:13'),(410,'Shieldon','rock','steel','https://raw.githubusercontent.com/PokeAPI/sprites/master/sprites/pokemon/410.png','https://raw.githubusercontent.com/PokeAPI/sprites/master/sprites/pokemon/shiny/410.png','2024-12-17 18:53:13'),(411,'Bastiodon','rock','steel','https://raw.githubusercontent.com/PokeAPI/sprites/master/sprites/pokemon/411.png','https://raw.githubusercontent.com/PokeAPI/sprites/master/sprites/pokemon/shiny/411.png','2024-12-17 18:53:13'),(412,'Burmy','bug',NULL,'https://raw.githubusercontent.com/PokeAPI/sprites/master/sprites/pokemon/412.png','https://raw.githubusercontent.com/PokeAPI/sprites/master/sprites/pokemon/shiny/412.png','2024-12-17 18:53:13'),(413,'Wormadam Plant','bug','grass','https://raw.githubusercontent.com/PokeAPI/sprites/master/sprites/pokemon/413.png','https://raw.githubusercontent.com/PokeAPI/sprites/master/sprites/pokemon/shiny/413.png','2024-12-17 18:53:13'),(414,'Mothim','bug','flying','https://raw.githubusercontent.com/PokeAPI/sprites/master/sprites/pokemon/414.png','https://raw.githubusercontent.com/PokeAPI/sprites/master/sprites/pokemon/shiny/414.png','2024-12-17 18:53:13'),(415,'Combee','bug','flying','https://raw.githubusercontent.com/PokeAPI/sprites/master/sprites/pokemon/415.png','https://raw.githubusercontent.com/PokeAPI/sprites/master/sprites/pokemon/shiny/415.png','2024-12-17 18:53:13'),(416,'Vespiquen','bug','flying','https://raw.githubusercontent.com/PokeAPI/sprites/master/sprites/pokemon/416.png','https://raw.githubusercontent.com/PokeAPI/sprites/master/sprites/pokemon/shiny/416.png','2024-12-17 18:53:13'),(417,'Pachirisu','electric',NULL,'https://raw.githubusercontent.com/PokeAPI/sprites/master/sprites/pokemon/417.png','https://raw.githubusercontent.com/PokeAPI/sprites/master/sprites/pokemon/shiny/417.png','2024-12-17 18:53:13'),(418,'Buizel','water',NULL,'https://raw.githubusercontent.com/PokeAPI/sprites/master/sprites/pokemon/418.png','https://raw.githubusercontent.com/PokeAPI/sprites/master/sprites/pokemon/shiny/418.png','2024-12-17 18:53:13'),(419,'Floatzel','water',NULL,'https://raw.githubusercontent.com/PokeAPI/sprites/master/sprites/pokemon/419.png','https://raw.githubusercontent.com/PokeAPI/sprites/master/sprites/pokemon/shiny/419.png','2024-12-17 18:53:13'),(420,'Cherubi','grass',NULL,'https://raw.githubusercontent.com/PokeAPI/sprites/master/sprites/pokemon/420.png','https://raw.githubusercontent.com/PokeAPI/sprites/master/sprites/pokemon/shiny/420.png','2024-12-17 18:53:13'),(421,'Cherrim','grass',NULL,'https://raw.githubusercontent.com/PokeAPI/sprites/master/sprites/pokemon/421.png','https://raw.githubusercontent.com/PokeAPI/sprites/master/sprites/pokemon/shiny/421.png','2024-12-17 18:53:13'),(422,'Shellos','water',NULL,'https://raw.githubusercontent.com/PokeAPI/sprites/master/sprites/pokemon/422.png','https://raw.githubusercontent.com/PokeAPI/sprites/master/sprites/pokemon/shiny/422.png','2024-12-17 18:53:13'),(423,'Gastrodon','water','ground','https://raw.githubusercontent.com/PokeAPI/sprites/master/sprites/pokemon/423.png','https://raw.githubusercontent.com/PokeAPI/sprites/master/sprites/pokemon/shiny/423.png','2024-12-17 18:53:13'),(424,'Ambipom','normal',NULL,'https://raw.githubusercontent.com/PokeAPI/sprites/master/sprites/pokemon/424.png','https://raw.githubusercontent.com/PokeAPI/sprites/master/sprites/pokemon/shiny/424.png','2024-12-17 18:53:13'),(425,'Drifloon','ghost','flying','https://raw.githubusercontent.com/PokeAPI/sprites/master/sprites/pokemon/425.png','https://raw.githubusercontent.com/PokeAPI/sprites/master/sprites/pokemon/shiny/425.png','2024-12-17 18:53:13'),(426,'Drifblim','ghost','flying','https://raw.githubusercontent.com/PokeAPI/sprites/master/sprites/pokemon/426.png','https://raw.githubusercontent.com/PokeAPI/sprites/master/sprites/pokemon/shiny/426.png','2024-12-17 18:53:13'),(427,'Buneary','normal',NULL,'https://raw.githubusercontent.com/PokeAPI/sprites/master/sprites/pokemon/427.png','https://raw.githubusercontent.com/PokeAPI/sprites/master/sprites/pokemon/shiny/427.png','2024-12-17 18:53:13'),(428,'Lopunny','normal',NULL,'https://raw.githubusercontent.com/PokeAPI/sprites/master/sprites/pokemon/428.png','https://raw.githubusercontent.com/PokeAPI/sprites/master/sprites/pokemon/shiny/428.png','2024-12-17 18:53:13'),(429,'Mismagius','ghost',NULL,'https://raw.githubusercontent.com/PokeAPI/sprites/master/sprites/pokemon/429.png','https://raw.githubusercontent.com/PokeAPI/sprites/master/sprites/pokemon/shiny/429.png','2024-12-17 18:53:13'),(430,'Honchkrow','dark','flying','https://raw.githubusercontent.com/PokeAPI/sprites/master/sprites/pokemon/430.png','https://raw.githubusercontent.com/PokeAPI/sprites/master/sprites/pokemon/shiny/430.png','2024-12-17 18:53:13'),(431,'Glameow','normal',NULL,'https://raw.githubusercontent.com/PokeAPI/sprites/master/sprites/pokemon/431.png','https://raw.githubusercontent.com/PokeAPI/sprites/master/sprites/pokemon/shiny/431.png','2024-12-17 18:53:13'),(432,'Purugly','normal',NULL,'https://raw.githubusercontent.com/PokeAPI/sprites/master/sprites/pokemon/432.png','https://raw.githubusercontent.com/PokeAPI/sprites/master/sprites/pokemon/shiny/432.png','2024-12-17 18:53:13'),(433,'Chingling','psychic',NULL,'https://raw.githubusercontent.com/PokeAPI/sprites/master/sprites/pokemon/433.png','https://raw.githubusercontent.com/PokeAPI/sprites/master/sprites/pokemon/shiny/433.png','2024-12-17 18:53:13'),(434,'Stunky','poison','dark','https://raw.githubusercontent.com/PokeAPI/sprites/master/sprites/pokemon/434.png','https://raw.githubusercontent.com/PokeAPI/sprites/master/sprites/pokemon/shiny/434.png','2024-12-17 18:53:13'),(435,'Skuntank','poison','dark','https://raw.githubusercontent.com/PokeAPI/sprites/master/sprites/pokemon/435.png','https://raw.githubusercontent.com/PokeAPI/sprites/master/sprites/pokemon/shiny/435.png','2024-12-17 18:53:13'),(436,'Bronzor','steel','psychic','https://raw.githubusercontent.com/PokeAPI/sprites/master/sprites/pokemon/436.png','https://raw.githubusercontent.com/PokeAPI/sprites/master/sprites/pokemon/shiny/436.png','2024-12-17 18:53:13'),(437,'Bronzong','steel','psychic','https://raw.githubusercontent.com/PokeAPI/sprites/master/sprites/pokemon/437.png','https://raw.githubusercontent.com/PokeAPI/sprites/master/sprites/pokemon/shiny/437.png','2024-12-17 18:53:13'),(438,'Bonsly','rock',NULL,'https://raw.githubusercontent.com/PokeAPI/sprites/master/sprites/pokemon/438.png','https://raw.githubusercontent.com/PokeAPI/sprites/master/sprites/pokemon/shiny/438.png','2024-12-17 18:53:13'),(439,'Mime Jr','psychic','fairy','https://raw.githubusercontent.com/PokeAPI/sprites/master/sprites/pokemon/439.png','https://raw.githubusercontent.com/PokeAPI/sprites/master/sprites/pokemon/shiny/439.png','2024-12-17 18:53:13'),(440,'Happiny','normal',NULL,'https://raw.githubusercontent.com/PokeAPI/sprites/master/sprites/pokemon/440.png','https://raw.githubusercontent.com/PokeAPI/sprites/master/sprites/pokemon/shiny/440.png','2024-12-17 18:53:13'),(441,'Chatot','normal','flying','https://raw.githubusercontent.com/PokeAPI/sprites/master/sprites/pokemon/441.png','https://raw.githubusercontent.com/PokeAPI/sprites/master/sprites/pokemon/shiny/441.png','2024-12-17 18:53:13'),(442,'Spiritomb','ghost','dark','https://raw.githubusercontent.com/PokeAPI/sprites/master/sprites/pokemon/442.png','https://raw.githubusercontent.com/PokeAPI/sprites/master/sprites/pokemon/shiny/442.png','2024-12-17 18:53:13'),(443,'Gible','dragon','ground','https://raw.githubusercontent.com/PokeAPI/sprites/master/sprites/pokemon/443.png','https://raw.githubusercontent.com/PokeAPI/sprites/master/sprites/pokemon/shiny/443.png','2024-12-17 18:53:13'),(444,'Gabite','dragon','ground','https://raw.githubusercontent.com/PokeAPI/sprites/master/sprites/pokemon/444.png','https://raw.githubusercontent.com/PokeAPI/sprites/master/sprites/pokemon/shiny/444.png','2024-12-17 18:53:13'),(445,'Garchomp','dragon','ground','https://raw.githubusercontent.com/PokeAPI/sprites/master/sprites/pokemon/445.png','https://raw.githubusercontent.com/PokeAPI/sprites/master/sprites/pokemon/shiny/445.png','2024-12-17 18:53:13'),(446,'Munchlax','normal',NULL,'https://raw.githubusercontent.com/PokeAPI/sprites/master/sprites/pokemon/446.png','https://raw.githubusercontent.com/PokeAPI/sprites/master/sprites/pokemon/shiny/446.png','2024-12-17 18:53:13'),(447,'Riolu','fighting',NULL,'https://raw.githubusercontent.com/PokeAPI/sprites/master/sprites/pokemon/447.png','https://raw.githubusercontent.com/PokeAPI/sprites/master/sprites/pokemon/shiny/447.png','2024-12-17 18:53:13'),(448,'Lucario','fighting','steel','https://raw.githubusercontent.com/PokeAPI/sprites/master/sprites/pokemon/448.png','https://raw.githubusercontent.com/PokeAPI/sprites/master/sprites/pokemon/shiny/448.png','2024-12-17 18:53:13'),(449,'Hippopotas','ground',NULL,'https://raw.githubusercontent.com/PokeAPI/sprites/master/sprites/pokemon/449.png','https://raw.githubusercontent.com/PokeAPI/sprites/master/sprites/pokemon/shiny/449.png','2024-12-17 18:53:13'),(450,'Hippowdon','ground',NULL,'https://raw.githubusercontent.com/PokeAPI/sprites/master/sprites/pokemon/450.png','https://raw.githubusercontent.com/PokeAPI/sprites/master/sprites/pokemon/shiny/450.png','2024-12-17 18:53:13'),(451,'Skorupi','poison','bug','https://raw.githubusercontent.com/PokeAPI/sprites/master/sprites/pokemon/451.png','https://raw.githubusercontent.com/PokeAPI/sprites/master/sprites/pokemon/shiny/451.png','2024-12-17 18:53:13'),(452,'Drapion','poison','dark','https://raw.githubusercontent.com/PokeAPI/sprites/master/sprites/pokemon/452.png','https://raw.githubusercontent.com/PokeAPI/sprites/master/sprites/pokemon/shiny/452.png','2024-12-17 18:53:13'),(453,'Croagunk','poison','fighting','https://raw.githubusercontent.com/PokeAPI/sprites/master/sprites/pokemon/453.png','https://raw.githubusercontent.com/PokeAPI/sprites/master/sprites/pokemon/shiny/453.png','2024-12-17 18:53:13'),(454,'Toxicroak','poison','fighting','https://raw.githubusercontent.com/PokeAPI/sprites/master/sprites/pokemon/454.png','https://raw.githubusercontent.com/PokeAPI/sprites/master/sprites/pokemon/shiny/454.png','2024-12-17 18:53:13'),(455,'Carnivine','grass',NULL,'https://raw.githubusercontent.com/PokeAPI/sprites/master/sprites/pokemon/455.png','https://raw.githubusercontent.com/PokeAPI/sprites/master/sprites/pokemon/shiny/455.png','2024-12-17 18:53:13'),(456,'Finneon','water',NULL,'https://raw.githubusercontent.com/PokeAPI/sprites/master/sprites/pokemon/456.png','https://raw.githubusercontent.com/PokeAPI/sprites/master/sprites/pokemon/shiny/456.png','2024-12-17 18:53:13'),(457,'Lumineon','water',NULL,'https://raw.githubusercontent.com/PokeAPI/sprites/master/sprites/pokemon/457.png','https://raw.githubusercontent.com/PokeAPI/sprites/master/sprites/pokemon/shiny/457.png','2024-12-17 18:53:13'),(458,'Mantyke','water','flying','https://raw.githubusercontent.com/PokeAPI/sprites/master/sprites/pokemon/458.png','https://raw.githubusercontent.com/PokeAPI/sprites/master/sprites/pokemon/shiny/458.png','2024-12-17 18:53:13'),(459,'Snover','grass','ice','https://raw.githubusercontent.com/PokeAPI/sprites/master/sprites/pokemon/459.png','https://raw.githubusercontent.com/PokeAPI/sprites/master/sprites/pokemon/shiny/459.png','2024-12-17 18:53:13'),(460,'Abomasnow','grass','ice','https://raw.githubusercontent.com/PokeAPI/sprites/master/sprites/pokemon/460.png','https://raw.githubusercontent.com/PokeAPI/sprites/master/sprites/pokemon/shiny/460.png','2024-12-17 18:53:13'),(461,'Weavile','dark','ice','https://raw.githubusercontent.com/PokeAPI/sprites/master/sprites/pokemon/461.png','https://raw.githubusercontent.com/PokeAPI/sprites/master/sprites/pokemon/shiny/461.png','2024-12-17 18:53:13'),(462,'Magnezone','electric','steel','https://raw.githubusercontent.com/PokeAPI/sprites/master/sprites/pokemon/462.png','https://raw.githubusercontent.com/PokeAPI/sprites/master/sprites/pokemon/shiny/462.png','2024-12-17 18:53:13'),(463,'Lickilicky','normal',NULL,'https://raw.githubusercontent.com/PokeAPI/sprites/master/sprites/pokemon/463.png','https://raw.githubusercontent.com/PokeAPI/sprites/master/sprites/pokemon/shiny/463.png','2024-12-17 18:53:13'),(464,'Rhyperior','ground','rock','https://raw.githubusercontent.com/PokeAPI/sprites/master/sprites/pokemon/464.png','https://raw.githubusercontent.com/PokeAPI/sprites/master/sprites/pokemon/shiny/464.png','2024-12-17 18:53:13'),(465,'Tangrowth','grass',NULL,'https://raw.githubusercontent.com/PokeAPI/sprites/master/sprites/pokemon/465.png','https://raw.githubusercontent.com/PokeAPI/sprites/master/sprites/pokemon/shiny/465.png','2024-12-17 18:53:13'),(466,'Electivire','electric',NULL,'https://raw.githubusercontent.com/PokeAPI/sprites/master/sprites/pokemon/466.png','https://raw.githubusercontent.com/PokeAPI/sprites/master/sprites/pokemon/shiny/466.png','2024-12-17 18:53:13'),(467,'Magmortar','fire',NULL,'https://raw.githubusercontent.com/PokeAPI/sprites/master/sprites/pokemon/467.png','https://raw.githubusercontent.com/PokeAPI/sprites/master/sprites/pokemon/shiny/467.png','2024-12-17 18:53:13'),(468,'Togekiss','fairy','flying','https://raw.githubusercontent.com/PokeAPI/sprites/master/sprites/pokemon/468.png','https://raw.githubusercontent.com/PokeAPI/sprites/master/sprites/pokemon/shiny/468.png','2024-12-17 18:53:13'),(469,'Yanmega','bug','flying','https://raw.githubusercontent.com/PokeAPI/sprites/master/sprites/pokemon/469.png','https://raw.githubusercontent.com/PokeAPI/sprites/master/sprites/pokemon/shiny/469.png','2024-12-17 18:53:13'),(470,'Leafeon','grass',NULL,'https://raw.githubusercontent.com/PokeAPI/sprites/master/sprites/pokemon/470.png','https://raw.githubusercontent.com/PokeAPI/sprites/master/sprites/pokemon/shiny/470.png','2024-12-17 18:53:13'),(471,'Glaceon','ice',NULL,'https://raw.githubusercontent.com/PokeAPI/sprites/master/sprites/pokemon/471.png','https://raw.githubusercontent.com/PokeAPI/sprites/master/sprites/pokemon/shiny/471.png','2024-12-17 18:53:13'),(472,'Gliscor','ground','flying','https://raw.githubusercontent.com/PokeAPI/sprites/master/sprites/pokemon/472.png','https://raw.githubusercontent.com/PokeAPI/sprites/master/sprites/pokemon/shiny/472.png','2024-12-17 18:53:13'),(473,'Mamoswine','ice','ground','https://raw.githubusercontent.com/PokeAPI/sprites/master/sprites/pokemon/473.png','https://raw.githubusercontent.com/PokeAPI/sprites/master/sprites/pokemon/shiny/473.png','2024-12-17 18:53:13'),(474,'Porygon Z','normal',NULL,'https://raw.githubusercontent.com/PokeAPI/sprites/master/sprites/pokemon/474.png','https://raw.githubusercontent.com/PokeAPI/sprites/master/sprites/pokemon/shiny/474.png','2024-12-17 18:53:13'),(475,'Gallade','psychic','fighting','https://raw.githubusercontent.com/PokeAPI/sprites/master/sprites/pokemon/475.png','https://raw.githubusercontent.com/PokeAPI/sprites/master/sprites/pokemon/shiny/475.png','2024-12-17 18:53:13'),(476,'Probopass','rock','steel','https://raw.githubusercontent.com/PokeAPI/sprites/master/sprites/pokemon/476.png','https://raw.githubusercontent.com/PokeAPI/sprites/master/sprites/pokemon/shiny/476.png','2024-12-17 18:53:13'),(477,'Dusknoir','ghost',NULL,'https://raw.githubusercontent.com/PokeAPI/sprites/master/sprites/pokemon/477.png','https://raw.githubusercontent.com/PokeAPI/sprites/master/sprites/pokemon/shiny/477.png','2024-12-17 18:53:13'),(478,'Froslass','ice','ghost','https://raw.githubusercontent.com/PokeAPI/sprites/master/sprites/pokemon/478.png','https://raw.githubusercontent.com/PokeAPI/sprites/master/sprites/pokemon/shiny/478.png','2024-12-17 18:53:13'),(479,'Rotom','electric','ghost','https://raw.githubusercontent.com/PokeAPI/sprites/master/sprites/pokemon/479.png','https://raw.githubusercontent.com/PokeAPI/sprites/master/sprites/pokemon/shiny/479.png','2024-12-17 18:53:13'),(480,'Uxie','psychic',NULL,'https://raw.githubusercontent.com/PokeAPI/sprites/master/sprites/pokemon/480.png','https://raw.githubusercontent.com/PokeAPI/sprites/master/sprites/pokemon/shiny/480.png','2024-12-17 18:53:13'),(481,'Mesprit','psychic',NULL,'https://raw.githubusercontent.com/PokeAPI/sprites/master/sprites/pokemon/481.png','https://raw.githubusercontent.com/PokeAPI/sprites/master/sprites/pokemon/shiny/481.png','2024-12-17 18:53:13'),(482,'Azelf','psychic',NULL,'https://raw.githubusercontent.com/PokeAPI/sprites/master/sprites/pokemon/482.png','https://raw.githubusercontent.com/PokeAPI/sprites/master/sprites/pokemon/shiny/482.png','2024-12-17 18:53:13'),(483,'Dialga','steel','dragon','https://raw.githubusercontent.com/PokeAPI/sprites/master/sprites/pokemon/483.png','https://raw.githubusercontent.com/PokeAPI/sprites/master/sprites/pokemon/shiny/483.png','2024-12-17 18:53:13'),(484,'Palkia','water','dragon','https://raw.githubusercontent.com/PokeAPI/sprites/master/sprites/pokemon/484.png','https://raw.githubusercontent.com/PokeAPI/sprites/master/sprites/pokemon/shiny/484.png','2024-12-17 18:53:13'),(485,'Heatran','fire','steel','https://raw.githubusercontent.com/PokeAPI/sprites/master/sprites/pokemon/485.png','https://raw.githubusercontent.com/PokeAPI/sprites/master/sprites/pokemon/shiny/485.png','2024-12-17 18:53:13'),(486,'Regigigas','normal',NULL,'https://raw.githubusercontent.com/PokeAPI/sprites/master/sprites/pokemon/486.png','https://raw.githubusercontent.com/PokeAPI/sprites/master/sprites/pokemon/shiny/486.png','2024-12-17 18:53:13'),(487,'Giratina Altered','ghost','dragon','https://raw.githubusercontent.com/PokeAPI/sprites/master/sprites/pokemon/487.png','https://raw.githubusercontent.com/PokeAPI/sprites/master/sprites/pokemon/shiny/487.png','2024-12-17 18:53:13'),(488,'Cresselia','psychic',NULL,'https://raw.githubusercontent.com/PokeAPI/sprites/master/sprites/pokemon/488.png','https://raw.githubusercontent.com/PokeAPI/sprites/master/sprites/pokemon/shiny/488.png','2024-12-17 18:53:13'),(489,'Phione','water',NULL,'https://raw.githubusercontent.com/PokeAPI/sprites/master/sprites/pokemon/489.png','https://raw.githubusercontent.com/PokeAPI/sprites/master/sprites/pokemon/shiny/489.png','2024-12-17 18:53:13'),(490,'Manaphy','water',NULL,'https://raw.githubusercontent.com/PokeAPI/sprites/master/sprites/pokemon/490.png','https://raw.githubusercontent.com/PokeAPI/sprites/master/sprites/pokemon/shiny/490.png','2024-12-17 18:53:13'),(491,'Darkrai','dark',NULL,'https://raw.githubusercontent.com/PokeAPI/sprites/master/sprites/pokemon/491.png','https://raw.githubusercontent.com/PokeAPI/sprites/master/sprites/pokemon/shiny/491.png','2024-12-17 18:53:13'),(492,'Shaymin Land','grass',NULL,'https://raw.githubusercontent.com/PokeAPI/sprites/master/sprites/pokemon/492.png','https://raw.githubusercontent.com/PokeAPI/sprites/master/sprites/pokemon/shiny/492.png','2024-12-17 18:53:13'),(493,'Arceus','normal',NULL,'https://raw.githubusercontent.com/PokeAPI/sprites/master/sprites/pokemon/493.png','https://raw.githubusercontent.com/PokeAPI/sprites/master/sprites/pokemon/shiny/493.png','2024-12-17 18:53:13'),(494,'Victini','psychic','fire','https://raw.githubusercontent.com/PokeAPI/sprites/master/sprites/pokemon/494.png','https://raw.githubusercontent.com/PokeAPI/sprites/master/sprites/pokemon/shiny/494.png','2024-12-17 18:53:13'),(495,'Snivy','grass',NULL,'https://raw.githubusercontent.com/PokeAPI/sprites/master/sprites/pokemon/495.png','https://raw.githubusercontent.com/PokeAPI/sprites/master/sprites/pokemon/shiny/495.png','2024-12-17 18:53:13'),(496,'Servine','grass',NULL,'https://raw.githubusercontent.com/PokeAPI/sprites/master/sprites/pokemon/496.png','https://raw.githubusercontent.com/PokeAPI/sprites/master/sprites/pokemon/shiny/496.png','2024-12-17 18:53:13'),(497,'Serperior','grass',NULL,'https://raw.githubusercontent.com/PokeAPI/sprites/master/sprites/pokemon/497.png','https://raw.githubusercontent.com/PokeAPI/sprites/master/sprites/pokemon/shiny/497.png','2024-12-17 18:53:13'),(498,'Tepig','fire',NULL,'https://raw.githubusercontent.com/PokeAPI/sprites/master/sprites/pokemon/498.png','https://raw.githubusercontent.com/PokeAPI/sprites/master/sprites/pokemon/shiny/498.png','2024-12-17 18:53:13'),(499,'Pignite','fire','fighting','https://raw.githubusercontent.com/PokeAPI/sprites/master/sprites/pokemon/499.png','https://raw.githubusercontent.com/PokeAPI/sprites/master/sprites/pokemon/shiny/499.png','2024-12-17 18:53:13'),(500,'Emboar','fire','fighting','https://raw.githubusercontent.com/PokeAPI/sprites/master/sprites/pokemon/500.png','https://raw.githubusercontent.com/PokeAPI/sprites/master/sprites/pokemon/shiny/500.png','2024-12-17 18:53:13'),(501,'Oshawott','water',NULL,'https://raw.githubusercontent.com/PokeAPI/sprites/master/sprites/pokemon/501.png','https://raw.githubusercontent.com/PokeAPI/sprites/master/sprites/pokemon/shiny/501.png','2024-12-17 18:53:13'),(502,'Dewott','water',NULL,'https://raw.githubusercontent.com/PokeAPI/sprites/master/sprites/pokemon/502.png','https://raw.githubusercontent.com/PokeAPI/sprites/master/sprites/pokemon/shiny/502.png','2024-12-17 18:53:13'),(503,'Samurott','water',NULL,'https://raw.githubusercontent.com/PokeAPI/sprites/master/sprites/pokemon/503.png','https://raw.githubusercontent.com/PokeAPI/sprites/master/sprites/pokemon/shiny/503.png','2024-12-17 18:53:13'),(504,'Patrat','normal',NULL,'https://raw.githubusercontent.com/PokeAPI/sprites/master/sprites/pokemon/504.png','https://raw.githubusercontent.com/PokeAPI/sprites/master/sprites/pokemon/shiny/504.png','2024-12-17 18:53:13'),(505,'Watchog','normal',NULL,'https://raw.githubusercontent.com/PokeAPI/sprites/master/sprites/pokemon/505.png','https://raw.githubusercontent.com/PokeAPI/sprites/master/sprites/pokemon/shiny/505.png','2024-12-17 18:53:13'),(506,'Lillipup','normal',NULL,'https://raw.githubusercontent.com/PokeAPI/sprites/master/sprites/pokemon/506.png','https://raw.githubusercontent.com/PokeAPI/sprites/master/sprites/pokemon/shiny/506.png','2024-12-17 18:53:13'),(507,'Herdier','normal',NULL,'https://raw.githubusercontent.com/PokeAPI/sprites/master/sprites/pokemon/507.png','https://raw.githubusercontent.com/PokeAPI/sprites/master/sprites/pokemon/shiny/507.png','2024-12-17 18:53:13'),(508,'Stoutland','normal',NULL,'https://raw.githubusercontent.com/PokeAPI/sprites/master/sprites/pokemon/508.png','https://raw.githubusercontent.com/PokeAPI/sprites/master/sprites/pokemon/shiny/508.png','2024-12-17 18:53:13'),(509,'Purrloin','dark',NULL,'https://raw.githubusercontent.com/PokeAPI/sprites/master/sprites/pokemon/509.png','https://raw.githubusercontent.com/PokeAPI/sprites/master/sprites/pokemon/shiny/509.png','2024-12-17 18:53:13'),(510,'Liepard','dark',NULL,'https://raw.githubusercontent.com/PokeAPI/sprites/master/sprites/pokemon/510.png','https://raw.githubusercontent.com/PokeAPI/sprites/master/sprites/pokemon/shiny/510.png','2024-12-17 18:53:13'),(511,'Pansage','grass',NULL,'https://raw.githubusercontent.com/PokeAPI/sprites/master/sprites/pokemon/511.png','https://raw.githubusercontent.com/PokeAPI/sprites/master/sprites/pokemon/shiny/511.png','2024-12-17 18:53:13'),(512,'Simisage','grass',NULL,'https://raw.githubusercontent.com/PokeAPI/sprites/master/sprites/pokemon/512.png','https://raw.githubusercontent.com/PokeAPI/sprites/master/sprites/pokemon/shiny/512.png','2024-12-17 18:53:13'),(513,'Pansear','fire',NULL,'https://raw.githubusercontent.com/PokeAPI/sprites/master/sprites/pokemon/513.png','https://raw.githubusercontent.com/PokeAPI/sprites/master/sprites/pokemon/shiny/513.png','2024-12-17 18:53:13'),(514,'Simisear','fire',NULL,'https://raw.githubusercontent.com/PokeAPI/sprites/master/sprites/pokemon/514.png','https://raw.githubusercontent.com/PokeAPI/sprites/master/sprites/pokemon/shiny/514.png','2024-12-17 18:53:13'),(515,'Panpour','water',NULL,'https://raw.githubusercontent.com/PokeAPI/sprites/master/sprites/pokemon/515.png','https://raw.githubusercontent.com/PokeAPI/sprites/master/sprites/pokemon/shiny/515.png','2024-12-17 18:53:13'),(516,'Simipour','water',NULL,'https://raw.githubusercontent.com/PokeAPI/sprites/master/sprites/pokemon/516.png','https://raw.githubusercontent.com/PokeAPI/sprites/master/sprites/pokemon/shiny/516.png','2024-12-17 18:53:13'),(517,'Munna','psychic',NULL,'https://raw.githubusercontent.com/PokeAPI/sprites/master/sprites/pokemon/517.png','https://raw.githubusercontent.com/PokeAPI/sprites/master/sprites/pokemon/shiny/517.png','2024-12-17 18:53:13'),(518,'Musharna','psychic',NULL,'https://raw.githubusercontent.com/PokeAPI/sprites/master/sprites/pokemon/518.png','https://raw.githubusercontent.com/PokeAPI/sprites/master/sprites/pokemon/shiny/518.png','2024-12-17 18:53:13'),(519,'Pidove','normal','flying','https://raw.githubusercontent.com/PokeAPI/sprites/master/sprites/pokemon/519.png','https://raw.githubusercontent.com/PokeAPI/sprites/master/sprites/pokemon/shiny/519.png','2024-12-17 18:53:13'),(520,'Tranquill','normal','flying','https://raw.githubusercontent.com/PokeAPI/sprites/master/sprites/pokemon/520.png','https://raw.githubusercontent.com/PokeAPI/sprites/master/sprites/pokemon/shiny/520.png','2024-12-17 18:53:13'),(521,'Unfezant','normal','flying','https://raw.githubusercontent.com/PokeAPI/sprites/master/sprites/pokemon/521.png','https://raw.githubusercontent.com/PokeAPI/sprites/master/sprites/pokemon/shiny/521.png','2024-12-17 18:53:13'),(522,'Blitzle','electric',NULL,'https://raw.githubusercontent.com/PokeAPI/sprites/master/sprites/pokemon/522.png','https://raw.githubusercontent.com/PokeAPI/sprites/master/sprites/pokemon/shiny/522.png','2024-12-17 18:53:13'),(523,'Zebstrika','electric',NULL,'https://raw.githubusercontent.com/PokeAPI/sprites/master/sprites/pokemon/523.png','https://raw.githubusercontent.com/PokeAPI/sprites/master/sprites/pokemon/shiny/523.png','2024-12-17 18:53:13'),(524,'Roggenrola','rock',NULL,'https://raw.githubusercontent.com/PokeAPI/sprites/master/sprites/pokemon/524.png','https://raw.githubusercontent.com/PokeAPI/sprites/master/sprites/pokemon/shiny/524.png','2024-12-17 18:53:13'),(525,'Boldore','rock',NULL,'https://raw.githubusercontent.com/PokeAPI/sprites/master/sprites/pokemon/525.png','https://raw.githubusercontent.com/PokeAPI/sprites/master/sprites/pokemon/shiny/525.png','2024-12-17 18:53:13'),(526,'Gigalith','rock',NULL,'https://raw.githubusercontent.com/PokeAPI/sprites/master/sprites/pokemon/526.png','https://raw.githubusercontent.com/PokeAPI/sprites/master/sprites/pokemon/shiny/526.png','2024-12-17 18:53:13'),(527,'Woobat','psychic','flying','https://raw.githubusercontent.com/PokeAPI/sprites/master/sprites/pokemon/527.png','https://raw.githubusercontent.com/PokeAPI/sprites/master/sprites/pokemon/shiny/527.png','2024-12-17 18:53:13'),(528,'Swoobat','psychic','flying','https://raw.githubusercontent.com/PokeAPI/sprites/master/sprites/pokemon/528.png','https://raw.githubusercontent.com/PokeAPI/sprites/master/sprites/pokemon/shiny/528.png','2024-12-17 18:53:13'),(529,'Drilbur','ground',NULL,'https://raw.githubusercontent.com/PokeAPI/sprites/master/sprites/pokemon/529.png','https://raw.githubusercontent.com/PokeAPI/sprites/master/sprites/pokemon/shiny/529.png','2024-12-17 18:53:13'),(530,'Excadrill','ground','steel','https://raw.githubusercontent.com/PokeAPI/sprites/master/sprites/pokemon/530.png','https://raw.githubusercontent.com/PokeAPI/sprites/master/sprites/pokemon/shiny/530.png','2024-12-17 18:53:13'),(531,'Audino','normal',NULL,'https://raw.githubusercontent.com/PokeAPI/sprites/master/sprites/pokemon/531.png','https://raw.githubusercontent.com/PokeAPI/sprites/master/sprites/pokemon/shiny/531.png','2024-12-17 18:53:13'),(532,'Timburr','fighting',NULL,'https://raw.githubusercontent.com/PokeAPI/sprites/master/sprites/pokemon/532.png','https://raw.githubusercontent.com/PokeAPI/sprites/master/sprites/pokemon/shiny/532.png','2024-12-17 18:53:13'),(533,'Gurdurr','fighting',NULL,'https://raw.githubusercontent.com/PokeAPI/sprites/master/sprites/pokemon/533.png','https://raw.githubusercontent.com/PokeAPI/sprites/master/sprites/pokemon/shiny/533.png','2024-12-17 18:53:13'),(534,'Conkeldurr','fighting',NULL,'https://raw.githubusercontent.com/PokeAPI/sprites/master/sprites/pokemon/534.png','https://raw.githubusercontent.com/PokeAPI/sprites/master/sprites/pokemon/shiny/534.png','2024-12-17 18:53:13'),(535,'Tympole','water',NULL,'https://raw.githubusercontent.com/PokeAPI/sprites/master/sprites/pokemon/535.png','https://raw.githubusercontent.com/PokeAPI/sprites/master/sprites/pokemon/shiny/535.png','2024-12-17 18:53:13'),(536,'Palpitoad','water','ground','https://raw.githubusercontent.com/PokeAPI/sprites/master/sprites/pokemon/536.png','https://raw.githubusercontent.com/PokeAPI/sprites/master/sprites/pokemon/shiny/536.png','2024-12-17 18:53:13'),(537,'Seismitoad','water','ground','https://raw.githubusercontent.com/PokeAPI/sprites/master/sprites/pokemon/537.png','https://raw.githubusercontent.com/PokeAPI/sprites/master/sprites/pokemon/shiny/537.png','2024-12-17 18:53:13'),(538,'Throh','fighting',NULL,'https://raw.githubusercontent.com/PokeAPI/sprites/master/sprites/pokemon/538.png','https://raw.githubusercontent.com/PokeAPI/sprites/master/sprites/pokemon/shiny/538.png','2024-12-17 18:53:13'),(539,'Sawk','fighting',NULL,'https://raw.githubusercontent.com/PokeAPI/sprites/master/sprites/pokemon/539.png','https://raw.githubusercontent.com/PokeAPI/sprites/master/sprites/pokemon/shiny/539.png','2024-12-17 18:53:13'),(540,'Sewaddle','bug','grass','https://raw.githubusercontent.com/PokeAPI/sprites/master/sprites/pokemon/540.png','https://raw.githubusercontent.com/PokeAPI/sprites/master/sprites/pokemon/shiny/540.png','2024-12-17 18:53:13'),(541,'Swadloon','bug','grass','https://raw.githubusercontent.com/PokeAPI/sprites/master/sprites/pokemon/541.png','https://raw.githubusercontent.com/PokeAPI/sprites/master/sprites/pokemon/shiny/541.png','2024-12-17 18:53:13'),(542,'Leavanny','bug','grass','https://raw.githubusercontent.com/PokeAPI/sprites/master/sprites/pokemon/542.png','https://raw.githubusercontent.com/PokeAPI/sprites/master/sprites/pokemon/shiny/542.png','2024-12-17 18:53:13'),(543,'Venipede','bug','poison','https://raw.githubusercontent.com/PokeAPI/sprites/master/sprites/pokemon/543.png','https://raw.githubusercontent.com/PokeAPI/sprites/master/sprites/pokemon/shiny/543.png','2024-12-17 18:53:13'),(544,'Whirlipede','bug','poison','https://raw.githubusercontent.com/PokeAPI/sprites/master/sprites/pokemon/544.png','https://raw.githubusercontent.com/PokeAPI/sprites/master/sprites/pokemon/shiny/544.png','2024-12-17 18:53:13'),(545,'Scolipede','bug','poison','https://raw.githubusercontent.com/PokeAPI/sprites/master/sprites/pokemon/545.png','https://raw.githubusercontent.com/PokeAPI/sprites/master/sprites/pokemon/shiny/545.png','2024-12-17 18:53:13'),(546,'Cottonee','grass','fairy','https://raw.githubusercontent.com/PokeAPI/sprites/master/sprites/pokemon/546.png','https://raw.githubusercontent.com/PokeAPI/sprites/master/sprites/pokemon/shiny/546.png','2024-12-17 18:53:13'),(547,'Whimsicott','grass','fairy','https://raw.githubusercontent.com/PokeAPI/sprites/master/sprites/pokemon/547.png','https://raw.githubusercontent.com/PokeAPI/sprites/master/sprites/pokemon/shiny/547.png','2024-12-17 18:53:13'),(548,'Petilil','grass',NULL,'https://raw.githubusercontent.com/PokeAPI/sprites/master/sprites/pokemon/548.png','https://raw.githubusercontent.com/PokeAPI/sprites/master/sprites/pokemon/shiny/548.png','2024-12-17 18:53:13'),(549,'Lilligant','grass',NULL,'https://raw.githubusercontent.com/PokeAPI/sprites/master/sprites/pokemon/549.png','https://raw.githubusercontent.com/PokeAPI/sprites/master/sprites/pokemon/shiny/549.png','2024-12-17 18:53:13'),(550,'Basculin Red Striped','water',NULL,'https://raw.githubusercontent.com/PokeAPI/sprites/master/sprites/pokemon/550.png','https://raw.githubusercontent.com/PokeAPI/sprites/master/sprites/pokemon/shiny/550.png','2024-12-17 18:53:13'),(551,'Sandile','ground','dark','https://raw.githubusercontent.com/PokeAPI/sprites/master/sprites/pokemon/551.png','https://raw.githubusercontent.com/PokeAPI/sprites/master/sprites/pokemon/shiny/551.png','2024-12-17 18:53:13'),(552,'Krokorok','ground','dark','https://raw.githubusercontent.com/PokeAPI/sprites/master/sprites/pokemon/552.png','https://raw.githubusercontent.com/PokeAPI/sprites/master/sprites/pokemon/shiny/552.png','2024-12-17 18:53:13'),(553,'Krookodile','ground','dark','https://raw.githubusercontent.com/PokeAPI/sprites/master/sprites/pokemon/553.png','https://raw.githubusercontent.com/PokeAPI/sprites/master/sprites/pokemon/shiny/553.png','2024-12-17 18:53:13'),(554,'Darumaka','fire',NULL,'https://raw.githubusercontent.com/PokeAPI/sprites/master/sprites/pokemon/554.png','https://raw.githubusercontent.com/PokeAPI/sprites/master/sprites/pokemon/shiny/554.png','2024-12-17 18:53:13'),(555,'Darmanitan Standard','fire',NULL,'https://raw.githubusercontent.com/PokeAPI/sprites/master/sprites/pokemon/555.png','https://raw.githubusercontent.com/PokeAPI/sprites/master/sprites/pokemon/shiny/555.png','2024-12-17 18:53:13'),(556,'Maractus','grass',NULL,'https://raw.githubusercontent.com/PokeAPI/sprites/master/sprites/pokemon/556.png','https://raw.githubusercontent.com/PokeAPI/sprites/master/sprites/pokemon/shiny/556.png','2024-12-17 18:53:13'),(557,'Dwebble','bug','rock','https://raw.githubusercontent.com/PokeAPI/sprites/master/sprites/pokemon/557.png','https://raw.githubusercontent.com/PokeAPI/sprites/master/sprites/pokemon/shiny/557.png','2024-12-17 18:53:13'),(558,'Crustle','bug','rock','https://raw.githubusercontent.com/PokeAPI/sprites/master/sprites/pokemon/558.png','https://raw.githubusercontent.com/PokeAPI/sprites/master/sprites/pokemon/shiny/558.png','2024-12-17 18:53:13'),(559,'Scraggy','dark','fighting','https://raw.githubusercontent.com/PokeAPI/sprites/master/sprites/pokemon/559.png','https://raw.githubusercontent.com/PokeAPI/sprites/master/sprites/pokemon/shiny/559.png','2024-12-17 18:53:13'),(560,'Scrafty','dark','fighting','https://raw.githubusercontent.com/PokeAPI/sprites/master/sprites/pokemon/560.png','https://raw.githubusercontent.com/PokeAPI/sprites/master/sprites/pokemon/shiny/560.png','2024-12-17 18:53:13'),(561,'Sigilyph','psychic','flying','https://raw.githubusercontent.com/PokeAPI/sprites/master/sprites/pokemon/561.png','https://raw.githubusercontent.com/PokeAPI/sprites/master/sprites/pokemon/shiny/561.png','2024-12-17 18:53:13'),(562,'Yamask','ghost',NULL,'https://raw.githubusercontent.com/PokeAPI/sprites/master/sprites/pokemon/562.png','https://raw.githubusercontent.com/PokeAPI/sprites/master/sprites/pokemon/shiny/562.png','2024-12-17 18:53:13'),(563,'Cofagrigus','ghost',NULL,'https://raw.githubusercontent.com/PokeAPI/sprites/master/sprites/pokemon/563.png','https://raw.githubusercontent.com/PokeAPI/sprites/master/sprites/pokemon/shiny/563.png','2024-12-17 18:53:13'),(564,'Tirtouga','water','rock','https://raw.githubusercontent.com/PokeAPI/sprites/master/sprites/pokemon/564.png','https://raw.githubusercontent.com/PokeAPI/sprites/master/sprites/pokemon/shiny/564.png','2024-12-17 18:53:13'),(565,'Carracosta','water','rock','https://raw.githubusercontent.com/PokeAPI/sprites/master/sprites/pokemon/565.png','https://raw.githubusercontent.com/PokeAPI/sprites/master/sprites/pokemon/shiny/565.png','2024-12-17 18:53:13'),(566,'Archen','rock','flying','https://raw.githubusercontent.com/PokeAPI/sprites/master/sprites/pokemon/566.png','https://raw.githubusercontent.com/PokeAPI/sprites/master/sprites/pokemon/shiny/566.png','2024-12-17 18:53:13'),(567,'Archeops','rock','flying','https://raw.githubusercontent.com/PokeAPI/sprites/master/sprites/pokemon/567.png','https://raw.githubusercontent.com/PokeAPI/sprites/master/sprites/pokemon/shiny/567.png','2024-12-17 18:53:13'),(568,'Trubbish','poison',NULL,'https://raw.githubusercontent.com/PokeAPI/sprites/master/sprites/pokemon/568.png','https://raw.githubusercontent.com/PokeAPI/sprites/master/sprites/pokemon/shiny/568.png','2024-12-17 18:53:13'),(569,'Garbodor','poison',NULL,'https://raw.githubusercontent.com/PokeAPI/sprites/master/sprites/pokemon/569.png','https://raw.githubusercontent.com/PokeAPI/sprites/master/sprites/pokemon/shiny/569.png','2024-12-17 18:53:13'),(570,'Zorua','dark',NULL,'https://raw.githubusercontent.com/PokeAPI/sprites/master/sprites/pokemon/570.png','https://raw.githubusercontent.com/PokeAPI/sprites/master/sprites/pokemon/shiny/570.png','2024-12-17 18:53:13'),(571,'Zoroark','dark',NULL,'https://raw.githubusercontent.com/PokeAPI/sprites/master/sprites/pokemon/571.png','https://raw.githubusercontent.com/PokeAPI/sprites/master/sprites/pokemon/shiny/571.png','2024-12-17 18:53:13'),(572,'Minccino','normal',NULL,'https://raw.githubusercontent.com/PokeAPI/sprites/master/sprites/pokemon/572.png','https://raw.githubusercontent.com/PokeAPI/sprites/master/sprites/pokemon/shiny/572.png','2024-12-17 18:53:13'),(573,'Cinccino','normal',NULL,'https://raw.githubusercontent.com/PokeAPI/sprites/master/sprites/pokemon/573.png','https://raw.githubusercontent.com/PokeAPI/sprites/master/sprites/pokemon/shiny/573.png','2024-12-17 18:53:13'),(574,'Gothita','psychic',NULL,'https://raw.githubusercontent.com/PokeAPI/sprites/master/sprites/pokemon/574.png','https://raw.githubusercontent.com/PokeAPI/sprites/master/sprites/pokemon/shiny/574.png','2024-12-17 18:53:13'),(575,'Gothorita','psychic',NULL,'https://raw.githubusercontent.com/PokeAPI/sprites/master/sprites/pokemon/575.png','https://raw.githubusercontent.com/PokeAPI/sprites/master/sprites/pokemon/shiny/575.png','2024-12-17 18:53:13'),(576,'Gothitelle','psychic',NULL,'https://raw.githubusercontent.com/PokeAPI/sprites/master/sprites/pokemon/576.png','https://raw.githubusercontent.com/PokeAPI/sprites/master/sprites/pokemon/shiny/576.png','2024-12-17 18:53:13'),(577,'Solosis','psychic',NULL,'https://raw.githubusercontent.com/PokeAPI/sprites/master/sprites/pokemon/577.png','https://raw.githubusercontent.com/PokeAPI/sprites/master/sprites/pokemon/shiny/577.png','2024-12-17 18:53:13'),(578,'Duosion','psychic',NULL,'https://raw.githubusercontent.com/PokeAPI/sprites/master/sprites/pokemon/578.png','https://raw.githubusercontent.com/PokeAPI/sprites/master/sprites/pokemon/shiny/578.png','2024-12-17 18:53:13'),(579,'Reuniclus','psychic',NULL,'https://raw.githubusercontent.com/PokeAPI/sprites/master/sprites/pokemon/579.png','https://raw.githubusercontent.com/PokeAPI/sprites/master/sprites/pokemon/shiny/579.png','2024-12-17 18:53:13'),(580,'Ducklett','water','flying','https://raw.githubusercontent.com/PokeAPI/sprites/master/sprites/pokemon/580.png','https://raw.githubusercontent.com/PokeAPI/sprites/master/sprites/pokemon/shiny/580.png','2024-12-17 18:53:13'),(581,'Swanna','water','flying','https://raw.githubusercontent.com/PokeAPI/sprites/master/sprites/pokemon/581.png','https://raw.githubusercontent.com/PokeAPI/sprites/master/sprites/pokemon/shiny/581.png','2024-12-17 18:53:13'),(582,'Vanillite','ice',NULL,'https://raw.githubusercontent.com/PokeAPI/sprites/master/sprites/pokemon/582.png','https://raw.githubusercontent.com/PokeAPI/sprites/master/sprites/pokemon/shiny/582.png','2024-12-17 18:53:13'),(583,'Vanillish','ice',NULL,'https://raw.githubusercontent.com/PokeAPI/sprites/master/sprites/pokemon/583.png','https://raw.githubusercontent.com/PokeAPI/sprites/master/sprites/pokemon/shiny/583.png','2024-12-17 18:53:13'),(584,'Vanilluxe','ice',NULL,'https://raw.githubusercontent.com/PokeAPI/sprites/master/sprites/pokemon/584.png','https://raw.githubusercontent.com/PokeAPI/sprites/master/sprites/pokemon/shiny/584.png','2024-12-17 18:53:13'),(585,'Deerling','normal','grass','https://raw.githubusercontent.com/PokeAPI/sprites/master/sprites/pokemon/585.png','https://raw.githubusercontent.com/PokeAPI/sprites/master/sprites/pokemon/shiny/585.png','2024-12-17 18:53:13'),(586,'Sawsbuck','normal','grass','https://raw.githubusercontent.com/PokeAPI/sprites/master/sprites/pokemon/586.png','https://raw.githubusercontent.com/PokeAPI/sprites/master/sprites/pokemon/shiny/586.png','2024-12-17 18:53:13'),(587,'Emolga','electric','flying','https://raw.githubusercontent.com/PokeAPI/sprites/master/sprites/pokemon/587.png','https://raw.githubusercontent.com/PokeAPI/sprites/master/sprites/pokemon/shiny/587.png','2024-12-17 18:53:13'),(588,'Karrablast','bug',NULL,'https://raw.githubusercontent.com/PokeAPI/sprites/master/sprites/pokemon/588.png','https://raw.githubusercontent.com/PokeAPI/sprites/master/sprites/pokemon/shiny/588.png','2024-12-17 18:53:13'),(589,'Escavalier','bug','steel','https://raw.githubusercontent.com/PokeAPI/sprites/master/sprites/pokemon/589.png','https://raw.githubusercontent.com/PokeAPI/sprites/master/sprites/pokemon/shiny/589.png','2024-12-17 18:53:13'),(590,'Foongus','grass','poison','https://raw.githubusercontent.com/PokeAPI/sprites/master/sprites/pokemon/590.png','https://raw.githubusercontent.com/PokeAPI/sprites/master/sprites/pokemon/shiny/590.png','2024-12-17 18:53:13'),(591,'Amoonguss','grass','poison','https://raw.githubusercontent.com/PokeAPI/sprites/master/sprites/pokemon/591.png','https://raw.githubusercontent.com/PokeAPI/sprites/master/sprites/pokemon/shiny/591.png','2024-12-17 18:53:13'),(592,'Frillish','water','ghost','https://raw.githubusercontent.com/PokeAPI/sprites/master/sprites/pokemon/592.png','https://raw.githubusercontent.com/PokeAPI/sprites/master/sprites/pokemon/shiny/592.png','2024-12-17 18:53:13'),(593,'Jellicent','water','ghost','https://raw.githubusercontent.com/PokeAPI/sprites/master/sprites/pokemon/593.png','https://raw.githubusercontent.com/PokeAPI/sprites/master/sprites/pokemon/shiny/593.png','2024-12-17 18:53:13'),(594,'Alomomola','water',NULL,'https://raw.githubusercontent.com/PokeAPI/sprites/master/sprites/pokemon/594.png','https://raw.githubusercontent.com/PokeAPI/sprites/master/sprites/pokemon/shiny/594.png','2024-12-17 18:53:13'),(595,'Joltik','bug','electric','https://raw.githubusercontent.com/PokeAPI/sprites/master/sprites/pokemon/595.png','https://raw.githubusercontent.com/PokeAPI/sprites/master/sprites/pokemon/shiny/595.png','2024-12-17 18:53:13'),(596,'Galvantula','bug','electric','https://raw.githubusercontent.com/PokeAPI/sprites/master/sprites/pokemon/596.png','https://raw.githubusercontent.com/PokeAPI/sprites/master/sprites/pokemon/shiny/596.png','2024-12-17 18:53:13'),(597,'Ferroseed','grass','steel','https://raw.githubusercontent.com/PokeAPI/sprites/master/sprites/pokemon/597.png','https://raw.githubusercontent.com/PokeAPI/sprites/master/sprites/pokemon/shiny/597.png','2024-12-17 18:53:13'),(598,'Ferrothorn','grass','steel','https://raw.githubusercontent.com/PokeAPI/sprites/master/sprites/pokemon/598.png','https://raw.githubusercontent.com/PokeAPI/sprites/master/sprites/pokemon/shiny/598.png','2024-12-17 18:53:13'),(599,'Klink','steel',NULL,'https://raw.githubusercontent.com/PokeAPI/sprites/master/sprites/pokemon/599.png','https://raw.githubusercontent.com/PokeAPI/sprites/master/sprites/pokemon/shiny/599.png','2024-12-17 18:53:13'),(600,'Klang','steel',NULL,'https://raw.githubusercontent.com/PokeAPI/sprites/master/sprites/pokemon/600.png','https://raw.githubusercontent.com/PokeAPI/sprites/master/sprites/pokemon/shiny/600.png','2024-12-17 18:53:13'),(601,'Klinklang','steel',NULL,'https://raw.githubusercontent.com/PokeAPI/sprites/master/sprites/pokemon/601.png','https://raw.githubusercontent.com/PokeAPI/sprites/master/sprites/pokemon/shiny/601.png','2024-12-17 18:53:13'),(602,'Tynamo','electric',NULL,'https://raw.githubusercontent.com/PokeAPI/sprites/master/sprites/pokemon/602.png','https://raw.githubusercontent.com/PokeAPI/sprites/master/sprites/pokemon/shiny/602.png','2024-12-17 18:53:13'),(603,'Eelektrik','electric',NULL,'https://raw.githubusercontent.com/PokeAPI/sprites/master/sprites/pokemon/603.png','https://raw.githubusercontent.com/PokeAPI/sprites/master/sprites/pokemon/shiny/603.png','2024-12-17 18:53:13'),(604,'Eelektross','electric',NULL,'https://raw.githubusercontent.com/PokeAPI/sprites/master/sprites/pokemon/604.png','https://raw.githubusercontent.com/PokeAPI/sprites/master/sprites/pokemon/shiny/604.png','2024-12-17 18:53:13'),(605,'Elgyem','psychic',NULL,'https://raw.githubusercontent.com/PokeAPI/sprites/master/sprites/pokemon/605.png','https://raw.githubusercontent.com/PokeAPI/sprites/master/sprites/pokemon/shiny/605.png','2024-12-17 18:53:13'),(606,'Beheeyem','psychic',NULL,'https://raw.githubusercontent.com/PokeAPI/sprites/master/sprites/pokemon/606.png','https://raw.githubusercontent.com/PokeAPI/sprites/master/sprites/pokemon/shiny/606.png','2024-12-17 18:53:13'),(607,'Litwick','ghost','fire','https://raw.githubusercontent.com/PokeAPI/sprites/master/sprites/pokemon/607.png','https://raw.githubusercontent.com/PokeAPI/sprites/master/sprites/pokemon/shiny/607.png','2024-12-17 18:53:13'),(608,'Lampent','ghost','fire','https://raw.githubusercontent.com/PokeAPI/sprites/master/sprites/pokemon/608.png','https://raw.githubusercontent.com/PokeAPI/sprites/master/sprites/pokemon/shiny/608.png','2024-12-17 18:53:13'),(609,'Chandelure','ghost','fire','https://raw.githubusercontent.com/PokeAPI/sprites/master/sprites/pokemon/609.png','https://raw.githubusercontent.com/PokeAPI/sprites/master/sprites/pokemon/shiny/609.png','2024-12-17 18:53:13'),(610,'Axew','dragon',NULL,'https://raw.githubusercontent.com/PokeAPI/sprites/master/sprites/pokemon/610.png','https://raw.githubusercontent.com/PokeAPI/sprites/master/sprites/pokemon/shiny/610.png','2024-12-17 18:53:13'),(611,'Fraxure','dragon',NULL,'https://raw.githubusercontent.com/PokeAPI/sprites/master/sprites/pokemon/611.png','https://raw.githubusercontent.com/PokeAPI/sprites/master/sprites/pokemon/shiny/611.png','2024-12-17 18:53:13'),(612,'Haxorus','dragon',NULL,'https://raw.githubusercontent.com/PokeAPI/sprites/master/sprites/pokemon/612.png','https://raw.githubusercontent.com/PokeAPI/sprites/master/sprites/pokemon/shiny/612.png','2024-12-17 18:53:13'),(613,'Cubchoo','ice',NULL,'https://raw.githubusercontent.com/PokeAPI/sprites/master/sprites/pokemon/613.png','https://raw.githubusercontent.com/PokeAPI/sprites/master/sprites/pokemon/shiny/613.png','2024-12-17 18:53:13'),(614,'Beartic','ice',NULL,'https://raw.githubusercontent.com/PokeAPI/sprites/master/sprites/pokemon/614.png','https://raw.githubusercontent.com/PokeAPI/sprites/master/sprites/pokemon/shiny/614.png','2024-12-17 18:53:13'),(615,'Cryogonal','ice',NULL,'https://raw.githubusercontent.com/PokeAPI/sprites/master/sprites/pokemon/615.png','https://raw.githubusercontent.com/PokeAPI/sprites/master/sprites/pokemon/shiny/615.png','2024-12-17 18:53:13'),(616,'Shelmet','bug',NULL,'https://raw.githubusercontent.com/PokeAPI/sprites/master/sprites/pokemon/616.png','https://raw.githubusercontent.com/PokeAPI/sprites/master/sprites/pokemon/shiny/616.png','2024-12-17 18:53:13'),(617,'Accelgor','bug',NULL,'https://raw.githubusercontent.com/PokeAPI/sprites/master/sprites/pokemon/617.png','https://raw.githubusercontent.com/PokeAPI/sprites/master/sprites/pokemon/shiny/617.png','2024-12-17 18:53:13'),(618,'Stunfisk','ground','electric','https://raw.githubusercontent.com/PokeAPI/sprites/master/sprites/pokemon/618.png','https://raw.githubusercontent.com/PokeAPI/sprites/master/sprites/pokemon/shiny/618.png','2024-12-17 18:53:13'),(619,'Mienfoo','fighting',NULL,'https://raw.githubusercontent.com/PokeAPI/sprites/master/sprites/pokemon/619.png','https://raw.githubusercontent.com/PokeAPI/sprites/master/sprites/pokemon/shiny/619.png','2024-12-17 18:53:13'),(620,'Mienshao','fighting',NULL,'https://raw.githubusercontent.com/PokeAPI/sprites/master/sprites/pokemon/620.png','https://raw.githubusercontent.com/PokeAPI/sprites/master/sprites/pokemon/shiny/620.png','2024-12-17 18:53:13'),(621,'Druddigon','dragon',NULL,'https://raw.githubusercontent.com/PokeAPI/sprites/master/sprites/pokemon/621.png','https://raw.githubusercontent.com/PokeAPI/sprites/master/sprites/pokemon/shiny/621.png','2024-12-17 18:53:13'),(622,'Golett','ground','ghost','https://raw.githubusercontent.com/PokeAPI/sprites/master/sprites/pokemon/622.png','https://raw.githubusercontent.com/PokeAPI/sprites/master/sprites/pokemon/shiny/622.png','2024-12-17 18:53:13'),(623,'Golurk','ground','ghost','https://raw.githubusercontent.com/PokeAPI/sprites/master/sprites/pokemon/623.png','https://raw.githubusercontent.com/PokeAPI/sprites/master/sprites/pokemon/shiny/623.png','2024-12-17 18:53:13'),(624,'Pawniard','dark','steel','https://raw.githubusercontent.com/PokeAPI/sprites/master/sprites/pokemon/624.png','https://raw.githubusercontent.com/PokeAPI/sprites/master/sprites/pokemon/shiny/624.png','2024-12-17 18:53:13'),(625,'Bisharp','dark','steel','https://raw.githubusercontent.com/PokeAPI/sprites/master/sprites/pokemon/625.png','https://raw.githubusercontent.com/PokeAPI/sprites/master/sprites/pokemon/shiny/625.png','2024-12-17 18:53:13'),(626,'Bouffalant','normal',NULL,'https://raw.githubusercontent.com/PokeAPI/sprites/master/sprites/pokemon/626.png','https://raw.githubusercontent.com/PokeAPI/sprites/master/sprites/pokemon/shiny/626.png','2024-12-17 18:53:13'),(627,'Rufflet','normal','flying','https://raw.githubusercontent.com/PokeAPI/sprites/master/sprites/pokemon/627.png','https://raw.githubusercontent.com/PokeAPI/sprites/master/sprites/pokemon/shiny/627.png','2024-12-17 18:53:13'),(628,'Braviary','normal','flying','https://raw.githubusercontent.com/PokeAPI/sprites/master/sprites/pokemon/628.png','https://raw.githubusercontent.com/PokeAPI/sprites/master/sprites/pokemon/shiny/628.png','2024-12-17 18:53:13'),(629,'Vullaby','dark','flying','https://raw.githubusercontent.com/PokeAPI/sprites/master/sprites/pokemon/629.png','https://raw.githubusercontent.com/PokeAPI/sprites/master/sprites/pokemon/shiny/629.png','2024-12-17 18:53:13'),(630,'Mandibuzz','dark','flying','https://raw.githubusercontent.com/PokeAPI/sprites/master/sprites/pokemon/630.png','https://raw.githubusercontent.com/PokeAPI/sprites/master/sprites/pokemon/shiny/630.png','2024-12-17 18:53:13'),(631,'Heatmor','fire',NULL,'https://raw.githubusercontent.com/PokeAPI/sprites/master/sprites/pokemon/631.png','https://raw.githubusercontent.com/PokeAPI/sprites/master/sprites/pokemon/shiny/631.png','2024-12-17 18:53:13'),(632,'Durant','bug','steel','https://raw.githubusercontent.com/PokeAPI/sprites/master/sprites/pokemon/632.png','https://raw.githubusercontent.com/PokeAPI/sprites/master/sprites/pokemon/shiny/632.png','2024-12-17 18:53:13'),(633,'Deino','dark','dragon','https://raw.githubusercontent.com/PokeAPI/sprites/master/sprites/pokemon/633.png','https://raw.githubusercontent.com/PokeAPI/sprites/master/sprites/pokemon/shiny/633.png','2024-12-17 18:53:13'),(634,'Zweilous','dark','dragon','https://raw.githubusercontent.com/PokeAPI/sprites/master/sprites/pokemon/634.png','https://raw.githubusercontent.com/PokeAPI/sprites/master/sprites/pokemon/shiny/634.png','2024-12-17 18:53:13'),(635,'Hydreigon','dark','dragon','https://raw.githubusercontent.com/PokeAPI/sprites/master/sprites/pokemon/635.png','https://raw.githubusercontent.com/PokeAPI/sprites/master/sprites/pokemon/shiny/635.png','2024-12-17 18:53:13'),(636,'Larvesta','bug','fire','https://raw.githubusercontent.com/PokeAPI/sprites/master/sprites/pokemon/636.png','https://raw.githubusercontent.com/PokeAPI/sprites/master/sprites/pokemon/shiny/636.png','2024-12-17 18:53:13'),(637,'Volcarona','bug','fire','https://raw.githubusercontent.com/PokeAPI/sprites/master/sprites/pokemon/637.png','https://raw.githubusercontent.com/PokeAPI/sprites/master/sprites/pokemon/shiny/637.png','2024-12-17 18:53:13'),(638,'Cobalion','steel','fighting','https://raw.githubusercontent.com/PokeAPI/sprites/master/sprites/pokemon/638.png','https://raw.githubusercontent.com/PokeAPI/sprites/master/sprites/pokemon/shiny/638.png','2024-12-17 18:53:13'),(639,'Terrakion','rock','fighting','https://raw.githubusercontent.com/PokeAPI/sprites/master/sprites/pokemon/639.png','https://raw.githubusercontent.com/PokeAPI/sprites/master/sprites/pokemon/shiny/639.png','2024-12-17 18:53:13'),(640,'Virizion','grass','fighting','https://raw.githubusercontent.com/PokeAPI/sprites/master/sprites/pokemon/640.png','https://raw.githubusercontent.com/PokeAPI/sprites/master/sprites/pokemon/shiny/640.png','2024-12-17 18:53:13'),(641,'Tornadus Incarnate','flying',NULL,'https://raw.githubusercontent.com/PokeAPI/sprites/master/sprites/pokemon/641.png','https://raw.githubusercontent.com/PokeAPI/sprites/master/sprites/pokemon/shiny/641.png','2024-12-17 18:53:13'),(642,'Thundurus Incarnate','electric','flying','https://raw.githubusercontent.com/PokeAPI/sprites/master/sprites/pokemon/642.png','https://raw.githubusercontent.com/PokeAPI/sprites/master/sprites/pokemon/shiny/642.png','2024-12-17 18:53:13'),(643,'Reshiram','dragon','fire','https://raw.githubusercontent.com/PokeAPI/sprites/master/sprites/pokemon/643.png','https://raw.githubusercontent.com/PokeAPI/sprites/master/sprites/pokemon/shiny/643.png','2024-12-17 18:53:13'),(644,'Zekrom','dragon','electric','https://raw.githubusercontent.com/PokeAPI/sprites/master/sprites/pokemon/644.png','https://raw.githubusercontent.com/PokeAPI/sprites/master/sprites/pokemon/shiny/644.png','2024-12-17 18:53:13'),(645,'Landorus Incarnate','ground','flying','https://raw.githubusercontent.com/PokeAPI/sprites/master/sprites/pokemon/645.png','https://raw.githubusercontent.com/PokeAPI/sprites/master/sprites/pokemon/shiny/645.png','2024-12-17 18:53:13'),(646,'Kyurem','dragon','ice','https://raw.githubusercontent.com/PokeAPI/sprites/master/sprites/pokemon/646.png','https://raw.githubusercontent.com/PokeAPI/sprites/master/sprites/pokemon/shiny/646.png','2024-12-17 18:53:13'),(647,'Keldeo Ordinary','water','fighting','https://raw.githubusercontent.com/PokeAPI/sprites/master/sprites/pokemon/647.png','https://raw.githubusercontent.com/PokeAPI/sprites/master/sprites/pokemon/shiny/647.png','2024-12-17 18:53:13'),(648,'Meloetta Aria','normal','psychic','https://raw.githubusercontent.com/PokeAPI/sprites/master/sprites/pokemon/648.png','https://raw.githubusercontent.com/PokeAPI/sprites/master/sprites/pokemon/shiny/648.png','2024-12-17 18:53:13'),(649,'Genesect','bug','steel','https://raw.githubusercontent.com/PokeAPI/sprites/master/sprites/pokemon/649.png','https://raw.githubusercontent.com/PokeAPI/sprites/master/sprites/pokemon/shiny/649.png','2024-12-17 18:53:13'),(650,'Chespin','grass',NULL,'https://raw.githubusercontent.com/PokeAPI/sprites/master/sprites/pokemon/650.png','https://raw.githubusercontent.com/PokeAPI/sprites/master/sprites/pokemon/shiny/650.png','2024-12-17 18:53:13'),(651,'Quilladin','grass',NULL,'https://raw.githubusercontent.com/PokeAPI/sprites/master/sprites/pokemon/651.png','https://raw.githubusercontent.com/PokeAPI/sprites/master/sprites/pokemon/shiny/651.png','2024-12-17 18:53:13'),(652,'Chesnaught','grass','fighting','https://raw.githubusercontent.com/PokeAPI/sprites/master/sprites/pokemon/652.png','https://raw.githubusercontent.com/PokeAPI/sprites/master/sprites/pokemon/shiny/652.png','2024-12-17 18:53:13'),(653,'Fennekin','fire',NULL,'https://raw.githubusercontent.com/PokeAPI/sprites/master/sprites/pokemon/653.png','https://raw.githubusercontent.com/PokeAPI/sprites/master/sprites/pokemon/shiny/653.png','2024-12-17 18:53:13'),(654,'Braixen','fire',NULL,'https://raw.githubusercontent.com/PokeAPI/sprites/master/sprites/pokemon/654.png','https://raw.githubusercontent.com/PokeAPI/sprites/master/sprites/pokemon/shiny/654.png','2024-12-17 18:53:13'),(655,'Delphox','fire','psychic','https://raw.githubusercontent.com/PokeAPI/sprites/master/sprites/pokemon/655.png','https://raw.githubusercontent.com/PokeAPI/sprites/master/sprites/pokemon/shiny/655.png','2024-12-17 18:53:13'),(656,'Froakie','water',NULL,'https://raw.githubusercontent.com/PokeAPI/sprites/master/sprites/pokemon/656.png','https://raw.githubusercontent.com/PokeAPI/sprites/master/sprites/pokemon/shiny/656.png','2024-12-17 18:53:13'),(657,'Frogadier','water',NULL,'https://raw.githubusercontent.com/PokeAPI/sprites/master/sprites/pokemon/657.png','https://raw.githubusercontent.com/PokeAPI/sprites/master/sprites/pokemon/shiny/657.png','2024-12-17 18:53:13'),(658,'Greninja','water','dark','https://raw.githubusercontent.com/PokeAPI/sprites/master/sprites/pokemon/658.png','https://raw.githubusercontent.com/PokeAPI/sprites/master/sprites/pokemon/shiny/658.png','2024-12-17 18:53:13'),(659,'Bunnelby','normal',NULL,'https://raw.githubusercontent.com/PokeAPI/sprites/master/sprites/pokemon/659.png','https://raw.githubusercontent.com/PokeAPI/sprites/master/sprites/pokemon/shiny/659.png','2024-12-17 18:53:13'),(660,'Diggersby','normal','ground','https://raw.githubusercontent.com/PokeAPI/sprites/master/sprites/pokemon/660.png','https://raw.githubusercontent.com/PokeAPI/sprites/master/sprites/pokemon/shiny/660.png','2024-12-17 18:53:13'),(661,'Fletchling','normal','flying','https://raw.githubusercontent.com/PokeAPI/sprites/master/sprites/pokemon/661.png','https://raw.githubusercontent.com/PokeAPI/sprites/master/sprites/pokemon/shiny/661.png','2024-12-17 18:53:13'),(662,'Fletchinder','fire','flying','https://raw.githubusercontent.com/PokeAPI/sprites/master/sprites/pokemon/662.png','https://raw.githubusercontent.com/PokeAPI/sprites/master/sprites/pokemon/shiny/662.png','2024-12-17 18:53:13'),(663,'Talonflame','fire','flying','https://raw.githubusercontent.com/PokeAPI/sprites/master/sprites/pokemon/663.png','https://raw.githubusercontent.com/PokeAPI/sprites/master/sprites/pokemon/shiny/663.png','2024-12-17 18:53:13'),(664,'Scatterbug','bug',NULL,'https://raw.githubusercontent.com/PokeAPI/sprites/master/sprites/pokemon/664.png','https://raw.githubusercontent.com/PokeAPI/sprites/master/sprites/pokemon/shiny/664.png','2024-12-17 18:53:13'),(665,'Spewpa','bug',NULL,'https://raw.githubusercontent.com/PokeAPI/sprites/master/sprites/pokemon/665.png','https://raw.githubusercontent.com/PokeAPI/sprites/master/sprites/pokemon/shiny/665.png','2024-12-17 18:53:13'),(666,'Vivillon','bug','flying','https://raw.githubusercontent.com/PokeAPI/sprites/master/sprites/pokemon/666.png','https://raw.githubusercontent.com/PokeAPI/sprites/master/sprites/pokemon/shiny/666.png','2024-12-17 18:53:13'),(667,'Litleo','fire','normal','https://raw.githubusercontent.com/PokeAPI/sprites/master/sprites/pokemon/667.png','https://raw.githubusercontent.com/PokeAPI/sprites/master/sprites/pokemon/shiny/667.png','2024-12-17 18:53:13'),(668,'Pyroar','fire','normal','https://raw.githubusercontent.com/PokeAPI/sprites/master/sprites/pokemon/668.png','https://raw.githubusercontent.com/PokeAPI/sprites/master/sprites/pokemon/shiny/668.png','2024-12-17 18:53:13'),(669,'Flabebe','fairy',NULL,'https://raw.githubusercontent.com/PokeAPI/sprites/master/sprites/pokemon/669.png','https://raw.githubusercontent.com/PokeAPI/sprites/master/sprites/pokemon/shiny/669.png','2024-12-17 18:53:13'),(670,'Floette','fairy',NULL,'https://raw.githubusercontent.com/PokeAPI/sprites/master/sprites/pokemon/670.png','https://raw.githubusercontent.com/PokeAPI/sprites/master/sprites/pokemon/shiny/670.png','2024-12-17 18:53:13'),(671,'Florges','fairy',NULL,'https://raw.githubusercontent.com/PokeAPI/sprites/master/sprites/pokemon/671.png','https://raw.githubusercontent.com/PokeAPI/sprites/master/sprites/pokemon/shiny/671.png','2024-12-17 18:53:13'),(672,'Skiddo','grass',NULL,'https://raw.githubusercontent.com/PokeAPI/sprites/master/sprites/pokemon/672.png','https://raw.githubusercontent.com/PokeAPI/sprites/master/sprites/pokemon/shiny/672.png','2024-12-17 18:53:13'),(673,'Gogoat','grass',NULL,'https://raw.githubusercontent.com/PokeAPI/sprites/master/sprites/pokemon/673.png','https://raw.githubusercontent.com/PokeAPI/sprites/master/sprites/pokemon/shiny/673.png','2024-12-17 18:53:13'),(674,'Pancham','fighting',NULL,'https://raw.githubusercontent.com/PokeAPI/sprites/master/sprites/pokemon/674.png','https://raw.githubusercontent.com/PokeAPI/sprites/master/sprites/pokemon/shiny/674.png','2024-12-17 18:53:13'),(675,'Pangoro','fighting','dark','https://raw.githubusercontent.com/PokeAPI/sprites/master/sprites/pokemon/675.png','https://raw.githubusercontent.com/PokeAPI/sprites/master/sprites/pokemon/shiny/675.png','2024-12-17 18:53:13'),(676,'Furfrou','normal',NULL,'https://raw.githubusercontent.com/PokeAPI/sprites/master/sprites/pokemon/676.png','https://raw.githubusercontent.com/PokeAPI/sprites/master/sprites/pokemon/shiny/676.png','2024-12-17 18:53:13'),(677,'Espurr','psychic',NULL,'https://raw.githubusercontent.com/PokeAPI/sprites/master/sprites/pokemon/677.png','https://raw.githubusercontent.com/PokeAPI/sprites/master/sprites/pokemon/shiny/677.png','2024-12-17 18:53:13'),(678,'Meowstic Male','psychic',NULL,'https://raw.githubusercontent.com/PokeAPI/sprites/master/sprites/pokemon/678.png','https://raw.githubusercontent.com/PokeAPI/sprites/master/sprites/pokemon/shiny/678.png','2024-12-17 18:53:13'),(679,'Honedge','steel','ghost','https://raw.githubusercontent.com/PokeAPI/sprites/master/sprites/pokemon/679.png','https://raw.githubusercontent.com/PokeAPI/sprites/master/sprites/pokemon/shiny/679.png','2024-12-17 18:53:13'),(680,'Doublade','steel','ghost','https://raw.githubusercontent.com/PokeAPI/sprites/master/sprites/pokemon/680.png','https://raw.githubusercontent.com/PokeAPI/sprites/master/sprites/pokemon/shiny/680.png','2024-12-17 18:53:13'),(681,'Aegislash Shield','steel','ghost','https://raw.githubusercontent.com/PokeAPI/sprites/master/sprites/pokemon/681.png','https://raw.githubusercontent.com/PokeAPI/sprites/master/sprites/pokemon/shiny/681.png','2024-12-17 18:53:13'),(682,'Spritzee','fairy',NULL,'https://raw.githubusercontent.com/PokeAPI/sprites/master/sprites/pokemon/682.png','https://raw.githubusercontent.com/PokeAPI/sprites/master/sprites/pokemon/shiny/682.png','2024-12-17 18:53:13'),(683,'Aromatisse','fairy',NULL,'https://raw.githubusercontent.com/PokeAPI/sprites/master/sprites/pokemon/683.png','https://raw.githubusercontent.com/PokeAPI/sprites/master/sprites/pokemon/shiny/683.png','2024-12-17 18:53:13'),(684,'Swirlix','fairy',NULL,'https://raw.githubusercontent.com/PokeAPI/sprites/master/sprites/pokemon/684.png','https://raw.githubusercontent.com/PokeAPI/sprites/master/sprites/pokemon/shiny/684.png','2024-12-17 18:53:13'),(685,'Slurpuff','fairy',NULL,'https://raw.githubusercontent.com/PokeAPI/sprites/master/sprites/pokemon/685.png','https://raw.githubusercontent.com/PokeAPI/sprites/master/sprites/pokemon/shiny/685.png','2024-12-17 18:53:13'),(686,'Inkay','dark','psychic','https://raw.githubusercontent.com/PokeAPI/sprites/master/sprites/pokemon/686.png','https://raw.githubusercontent.com/PokeAPI/sprites/master/sprites/pokemon/shiny/686.png','2024-12-17 18:53:13'),(687,'Malamar','dark','psychic','https://raw.githubusercontent.com/PokeAPI/sprites/master/sprites/pokemon/687.png','https://raw.githubusercontent.com/PokeAPI/sprites/master/sprites/pokemon/shiny/687.png','2024-12-17 18:53:13'),(688,'Binacle','rock','water','https://raw.githubusercontent.com/PokeAPI/sprites/master/sprites/pokemon/688.png','https://raw.githubusercontent.com/PokeAPI/sprites/master/sprites/pokemon/shiny/688.png','2024-12-17 18:53:13'),(689,'Barbaracle','rock','water','https://raw.githubusercontent.com/PokeAPI/sprites/master/sprites/pokemon/689.png','https://raw.githubusercontent.com/PokeAPI/sprites/master/sprites/pokemon/shiny/689.png','2024-12-17 18:53:13'),(690,'Skrelp','poison','water','https://raw.githubusercontent.com/PokeAPI/sprites/master/sprites/pokemon/690.png','https://raw.githubusercontent.com/PokeAPI/sprites/master/sprites/pokemon/shiny/690.png','2024-12-17 18:53:13'),(691,'Dragalge','poison','dragon','https://raw.githubusercontent.com/PokeAPI/sprites/master/sprites/pokemon/691.png','https://raw.githubusercontent.com/PokeAPI/sprites/master/sprites/pokemon/shiny/691.png','2024-12-17 18:53:13'),(692,'Clauncher','water',NULL,'https://raw.githubusercontent.com/PokeAPI/sprites/master/sprites/pokemon/692.png','https://raw.githubusercontent.com/PokeAPI/sprites/master/sprites/pokemon/shiny/692.png','2024-12-17 18:53:13'),(693,'Clawitzer','water',NULL,'https://raw.githubusercontent.com/PokeAPI/sprites/master/sprites/pokemon/693.png','https://raw.githubusercontent.com/PokeAPI/sprites/master/sprites/pokemon/shiny/693.png','2024-12-17 18:53:13'),(694,'Helioptile','electric','normal','https://raw.githubusercontent.com/PokeAPI/sprites/master/sprites/pokemon/694.png','https://raw.githubusercontent.com/PokeAPI/sprites/master/sprites/pokemon/shiny/694.png','2024-12-17 18:53:13'),(695,'Heliolisk','electric','normal','https://raw.githubusercontent.com/PokeAPI/sprites/master/sprites/pokemon/695.png','https://raw.githubusercontent.com/PokeAPI/sprites/master/sprites/pokemon/shiny/695.png','2024-12-17 18:53:13'),(696,'Tyrunt','rock','dragon','https://raw.githubusercontent.com/PokeAPI/sprites/master/sprites/pokemon/696.png','https://raw.githubusercontent.com/PokeAPI/sprites/master/sprites/pokemon/shiny/696.png','2024-12-17 18:53:13'),(697,'Tyrantrum','rock','dragon','https://raw.githubusercontent.com/PokeAPI/sprites/master/sprites/pokemon/697.png','https://raw.githubusercontent.com/PokeAPI/sprites/master/sprites/pokemon/shiny/697.png','2024-12-17 18:53:13'),(698,'Amaura','rock','ice','https://raw.githubusercontent.com/PokeAPI/sprites/master/sprites/pokemon/698.png','https://raw.githubusercontent.com/PokeAPI/sprites/master/sprites/pokemon/shiny/698.png','2024-12-17 18:53:13'),(699,'Aurorus','rock','ice','https://raw.githubusercontent.com/PokeAPI/sprites/master/sprites/pokemon/699.png','https://raw.githubusercontent.com/PokeAPI/sprites/master/sprites/pokemon/shiny/699.png','2024-12-17 18:53:13'),(700,'Sylveon','fairy',NULL,'https://raw.githubusercontent.com/PokeAPI/sprites/master/sprites/pokemon/700.png','https://raw.githubusercontent.com/PokeAPI/sprites/master/sprites/pokemon/shiny/700.png','2024-12-17 18:53:13'),(701,'Hawlucha','fighting','flying','https://raw.githubusercontent.com/PokeAPI/sprites/master/sprites/pokemon/701.png','https://raw.githubusercontent.com/PokeAPI/sprites/master/sprites/pokemon/shiny/701.png','2024-12-17 18:53:13'),(702,'Dedenne','electric','fairy','https://raw.githubusercontent.com/PokeAPI/sprites/master/sprites/pokemon/702.png','https://raw.githubusercontent.com/PokeAPI/sprites/master/sprites/pokemon/shiny/702.png','2024-12-17 18:53:13'),(703,'Carbink','rock','fairy','https://raw.githubusercontent.com/PokeAPI/sprites/master/sprites/pokemon/703.png','https://raw.githubusercontent.com/PokeAPI/sprites/master/sprites/pokemon/shiny/703.png','2024-12-17 18:53:13'),(704,'Goomy','dragon',NULL,'https://raw.githubusercontent.com/PokeAPI/sprites/master/sprites/pokemon/704.png','https://raw.githubusercontent.com/PokeAPI/sprites/master/sprites/pokemon/shiny/704.png','2024-12-17 18:53:13'),(705,'Sliggoo','dragon',NULL,'https://raw.githubusercontent.com/PokeAPI/sprites/master/sprites/pokemon/705.png','https://raw.githubusercontent.com/PokeAPI/sprites/master/sprites/pokemon/shiny/705.png','2024-12-17 18:53:13'),(706,'Goodra','dragon',NULL,'https://raw.githubusercontent.com/PokeAPI/sprites/master/sprites/pokemon/706.png','https://raw.githubusercontent.com/PokeAPI/sprites/master/sprites/pokemon/shiny/706.png','2024-12-17 18:53:13'),(707,'Klefki','steel','fairy','https://raw.githubusercontent.com/PokeAPI/sprites/master/sprites/pokemon/707.png','https://raw.githubusercontent.com/PokeAPI/sprites/master/sprites/pokemon/shiny/707.png','2024-12-17 18:53:13'),(708,'Phantump','ghost','grass','https://raw.githubusercontent.com/PokeAPI/sprites/master/sprites/pokemon/708.png','https://raw.githubusercontent.com/PokeAPI/sprites/master/sprites/pokemon/shiny/708.png','2024-12-17 18:53:13'),(709,'Trevenant','ghost','grass','https://raw.githubusercontent.com/PokeAPI/sprites/master/sprites/pokemon/709.png','https://raw.githubusercontent.com/PokeAPI/sprites/master/sprites/pokemon/shiny/709.png','2024-12-17 18:53:13'),(710,'Pumpkaboo Average','ghost','grass','https://raw.githubusercontent.com/PokeAPI/sprites/master/sprites/pokemon/710.png','https://raw.githubusercontent.com/PokeAPI/sprites/master/sprites/pokemon/shiny/710.png','2024-12-17 18:53:13'),(711,'Gourgeist Average','ghost','grass','https://raw.githubusercontent.com/PokeAPI/sprites/master/sprites/pokemon/711.png','https://raw.githubusercontent.com/PokeAPI/sprites/master/sprites/pokemon/shiny/711.png','2024-12-17 18:53:13'),(712,'Bergmite','ice',NULL,'https://raw.githubusercontent.com/PokeAPI/sprites/master/sprites/pokemon/712.png','https://raw.githubusercontent.com/PokeAPI/sprites/master/sprites/pokemon/shiny/712.png','2024-12-17 18:53:13'),(713,'Avalugg','ice',NULL,'https://raw.githubusercontent.com/PokeAPI/sprites/master/sprites/pokemon/713.png','https://raw.githubusercontent.com/PokeAPI/sprites/master/sprites/pokemon/shiny/713.png','2024-12-17 18:53:13'),(714,'Noibat','flying','dragon','https://raw.githubusercontent.com/PokeAPI/sprites/master/sprites/pokemon/714.png','https://raw.githubusercontent.com/PokeAPI/sprites/master/sprites/pokemon/shiny/714.png','2024-12-17 18:53:13'),(715,'Noivern','flying','dragon','https://raw.githubusercontent.com/PokeAPI/sprites/master/sprites/pokemon/715.png','https://raw.githubusercontent.com/PokeAPI/sprites/master/sprites/pokemon/shiny/715.png','2024-12-17 18:53:13'),(716,'Xerneas','fairy',NULL,'https://raw.githubusercontent.com/PokeAPI/sprites/master/sprites/pokemon/716.png','https://raw.githubusercontent.com/PokeAPI/sprites/master/sprites/pokemon/shiny/716.png','2024-12-17 18:53:13'),(717,'Yveltal','dark','flying','https://raw.githubusercontent.com/PokeAPI/sprites/master/sprites/pokemon/717.png','https://raw.githubusercontent.com/PokeAPI/sprites/master/sprites/pokemon/shiny/717.png','2024-12-17 18:53:13'),(718,'Zygarde 50','dragon','ground','https://raw.githubusercontent.com/PokeAPI/sprites/master/sprites/pokemon/718.png','https://raw.githubusercontent.com/PokeAPI/sprites/master/sprites/pokemon/shiny/718.png','2024-12-17 18:53:13'),(719,'Diancie','rock','fairy','https://raw.githubusercontent.com/PokeAPI/sprites/master/sprites/pokemon/719.png','https://raw.githubusercontent.com/PokeAPI/sprites/master/sprites/pokemon/shiny/719.png','2024-12-17 18:53:13'),(720,'Hoopa','psychic','ghost','https://raw.githubusercontent.com/PokeAPI/sprites/master/sprites/pokemon/720.png','https://raw.githubusercontent.com/PokeAPI/sprites/master/sprites/pokemon/shiny/720.png','2024-12-17 18:53:13'),(721,'Volcanion','fire','water','https://raw.githubusercontent.com/PokeAPI/sprites/master/sprites/pokemon/721.png','https://raw.githubusercontent.com/PokeAPI/sprites/master/sprites/pokemon/shiny/721.png','2024-12-17 18:53:13'),(722,'Rowlet','grass','flying','https://raw.githubusercontent.com/PokeAPI/sprites/master/sprites/pokemon/722.png','https://raw.githubusercontent.com/PokeAPI/sprites/master/sprites/pokemon/shiny/722.png','2024-12-17 18:53:13'),(723,'Dartrix','grass','flying','https://raw.githubusercontent.com/PokeAPI/sprites/master/sprites/pokemon/723.png','https://raw.githubusercontent.com/PokeAPI/sprites/master/sprites/pokemon/shiny/723.png','2024-12-17 18:53:13'),(724,'Decidueye','grass','ghost','https://raw.githubusercontent.com/PokeAPI/sprites/master/sprites/pokemon/724.png','https://raw.githubusercontent.com/PokeAPI/sprites/master/sprites/pokemon/shiny/724.png','2024-12-17 18:53:13'),(725,'Litten','fire',NULL,'https://raw.githubusercontent.com/PokeAPI/sprites/master/sprites/pokemon/725.png','https://raw.githubusercontent.com/PokeAPI/sprites/master/sprites/pokemon/shiny/725.png','2024-12-17 18:53:13'),(726,'Torracat','fire',NULL,'https://raw.githubusercontent.com/PokeAPI/sprites/master/sprites/pokemon/726.png','https://raw.githubusercontent.com/PokeAPI/sprites/master/sprites/pokemon/shiny/726.png','2024-12-17 18:53:13'),(727,'Incineroar','fire','dark','https://raw.githubusercontent.com/PokeAPI/sprites/master/sprites/pokemon/727.png','https://raw.githubusercontent.com/PokeAPI/sprites/master/sprites/pokemon/shiny/727.png','2024-12-17 18:53:13'),(728,'Popplio','water',NULL,'https://raw.githubusercontent.com/PokeAPI/sprites/master/sprites/pokemon/728.png','https://raw.githubusercontent.com/PokeAPI/sprites/master/sprites/pokemon/shiny/728.png','2024-12-17 18:53:13'),(729,'Brionne','water',NULL,'https://raw.githubusercontent.com/PokeAPI/sprites/master/sprites/pokemon/729.png','https://raw.githubusercontent.com/PokeAPI/sprites/master/sprites/pokemon/shiny/729.png','2024-12-17 18:53:13'),(730,'Primarina','water','fairy','https://raw.githubusercontent.com/PokeAPI/sprites/master/sprites/pokemon/730.png','https://raw.githubusercontent.com/PokeAPI/sprites/master/sprites/pokemon/shiny/730.png','2024-12-17 18:53:13'),(731,'Pikipek','normal','flying','https://raw.githubusercontent.com/PokeAPI/sprites/master/sprites/pokemon/731.png','https://raw.githubusercontent.com/PokeAPI/sprites/master/sprites/pokemon/shiny/731.png','2024-12-17 18:53:13'),(732,'Trumbeak','normal','flying','https://raw.githubusercontent.com/PokeAPI/sprites/master/sprites/pokemon/732.png','https://raw.githubusercontent.com/PokeAPI/sprites/master/sprites/pokemon/shiny/732.png','2024-12-17 18:53:13'),(733,'Toucannon','normal','flying','https://raw.githubusercontent.com/PokeAPI/sprites/master/sprites/pokemon/733.png','https://raw.githubusercontent.com/PokeAPI/sprites/master/sprites/pokemon/shiny/733.png','2024-12-17 18:53:13'),(734,'Yungoos','normal',NULL,'https://raw.githubusercontent.com/PokeAPI/sprites/master/sprites/pokemon/734.png','https://raw.githubusercontent.com/PokeAPI/sprites/master/sprites/pokemon/shiny/734.png','2024-12-17 18:53:13'),(735,'Gumshoos','normal',NULL,'https://raw.githubusercontent.com/PokeAPI/sprites/master/sprites/pokemon/735.png','https://raw.githubusercontent.com/PokeAPI/sprites/master/sprites/pokemon/shiny/735.png','2024-12-17 18:53:13'),(736,'Grubbin','bug',NULL,'https://raw.githubusercontent.com/PokeAPI/sprites/master/sprites/pokemon/736.png','https://raw.githubusercontent.com/PokeAPI/sprites/master/sprites/pokemon/shiny/736.png','2024-12-17 18:53:13'),(737,'Charjabug','bug','electric','https://raw.githubusercontent.com/PokeAPI/sprites/master/sprites/pokemon/737.png','https://raw.githubusercontent.com/PokeAPI/sprites/master/sprites/pokemon/shiny/737.png','2024-12-17 18:53:13'),(738,'Vikavolt','bug','electric','https://raw.githubusercontent.com/PokeAPI/sprites/master/sprites/pokemon/738.png','https://raw.githubusercontent.com/PokeAPI/sprites/master/sprites/pokemon/shiny/738.png','2024-12-17 18:53:13'),(739,'Crabrawler','fighting',NULL,'https://raw.githubusercontent.com/PokeAPI/sprites/master/sprites/pokemon/739.png','https://raw.githubusercontent.com/PokeAPI/sprites/master/sprites/pokemon/shiny/739.png','2024-12-17 18:53:13'),(740,'Crabominable','fighting','ice','https://raw.githubusercontent.com/PokeAPI/sprites/master/sprites/pokemon/740.png','https://raw.githubusercontent.com/PokeAPI/sprites/master/sprites/pokemon/shiny/740.png','2024-12-17 18:53:13'),(741,'Oricorio Baile','fire','flying','https://raw.githubusercontent.com/PokeAPI/sprites/master/sprites/pokemon/741.png','https://raw.githubusercontent.com/PokeAPI/sprites/master/sprites/pokemon/shiny/741.png','2024-12-17 18:53:13'),(742,'Cutiefly','bug','fairy','https://raw.githubusercontent.com/PokeAPI/sprites/master/sprites/pokemon/742.png','https://raw.githubusercontent.com/PokeAPI/sprites/master/sprites/pokemon/shiny/742.png','2024-12-17 18:53:13'),(743,'Ribombee','bug','fairy','https://raw.githubusercontent.com/PokeAPI/sprites/master/sprites/pokemon/743.png','https://raw.githubusercontent.com/PokeAPI/sprites/master/sprites/pokemon/shiny/743.png','2024-12-17 18:53:13'),(744,'Rockruff','rock',NULL,'https://raw.githubusercontent.com/PokeAPI/sprites/master/sprites/pokemon/744.png','https://raw.githubusercontent.com/PokeAPI/sprites/master/sprites/pokemon/shiny/744.png','2024-12-17 18:53:13'),(745,'Lycanroc Midday','rock',NULL,'https://raw.githubusercontent.com/PokeAPI/sprites/master/sprites/pokemon/745.png','https://raw.githubusercontent.com/PokeAPI/sprites/master/sprites/pokemon/shiny/745.png','2024-12-17 18:53:13'),(746,'Wishiwashi Solo','water',NULL,'https://raw.githubusercontent.com/PokeAPI/sprites/master/sprites/pokemon/746.png','https://raw.githubusercontent.com/PokeAPI/sprites/master/sprites/pokemon/shiny/746.png','2024-12-17 18:53:13'),(747,'Mareanie','poison','water','https://raw.githubusercontent.com/PokeAPI/sprites/master/sprites/pokemon/747.png','https://raw.githubusercontent.com/PokeAPI/sprites/master/sprites/pokemon/shiny/747.png','2024-12-17 18:53:13'),(748,'Toxapex','poison','water','https://raw.githubusercontent.com/PokeAPI/sprites/master/sprites/pokemon/748.png','https://raw.githubusercontent.com/PokeAPI/sprites/master/sprites/pokemon/shiny/748.png','2024-12-17 18:53:13'),(749,'Mudbray','ground',NULL,'https://raw.githubusercontent.com/PokeAPI/sprites/master/sprites/pokemon/749.png','https://raw.githubusercontent.com/PokeAPI/sprites/master/sprites/pokemon/shiny/749.png','2024-12-17 18:53:13'),(750,'Mudsdale','ground',NULL,'https://raw.githubusercontent.com/PokeAPI/sprites/master/sprites/pokemon/750.png','https://raw.githubusercontent.com/PokeAPI/sprites/master/sprites/pokemon/shiny/750.png','2024-12-17 18:53:13'),(751,'Dewpider','water','bug','https://raw.githubusercontent.com/PokeAPI/sprites/master/sprites/pokemon/751.png','https://raw.githubusercontent.com/PokeAPI/sprites/master/sprites/pokemon/shiny/751.png','2024-12-17 18:53:13'),(752,'Araquanid','water','bug','https://raw.githubusercontent.com/PokeAPI/sprites/master/sprites/pokemon/752.png','https://raw.githubusercontent.com/PokeAPI/sprites/master/sprites/pokemon/shiny/752.png','2024-12-17 18:53:13'),(753,'Fomantis','grass',NULL,'https://raw.githubusercontent.com/PokeAPI/sprites/master/sprites/pokemon/753.png','https://raw.githubusercontent.com/PokeAPI/sprites/master/sprites/pokemon/shiny/753.png','2024-12-17 18:53:13'),(754,'Lurantis','grass',NULL,'https://raw.githubusercontent.com/PokeAPI/sprites/master/sprites/pokemon/754.png','https://raw.githubusercontent.com/PokeAPI/sprites/master/sprites/pokemon/shiny/754.png','2024-12-17 18:53:13'),(755,'Morelull','grass','fairy','https://raw.githubusercontent.com/PokeAPI/sprites/master/sprites/pokemon/755.png','https://raw.githubusercontent.com/PokeAPI/sprites/master/sprites/pokemon/shiny/755.png','2024-12-17 18:53:13'),(756,'Shiinotic','grass','fairy','https://raw.githubusercontent.com/PokeAPI/sprites/master/sprites/pokemon/756.png','https://raw.githubusercontent.com/PokeAPI/sprites/master/sprites/pokemon/shiny/756.png','2024-12-17 18:53:13'),(757,'Salandit','poison','fire','https://raw.githubusercontent.com/PokeAPI/sprites/master/sprites/pokemon/757.png','https://raw.githubusercontent.com/PokeAPI/sprites/master/sprites/pokemon/shiny/757.png','2024-12-17 18:53:13'),(758,'Salazzle','poison','fire','https://raw.githubusercontent.com/PokeAPI/sprites/master/sprites/pokemon/758.png','https://raw.githubusercontent.com/PokeAPI/sprites/master/sprites/pokemon/shiny/758.png','2024-12-17 18:53:13'),(759,'Stufful','normal','fighting','https://raw.githubusercontent.com/PokeAPI/sprites/master/sprites/pokemon/759.png','https://raw.githubusercontent.com/PokeAPI/sprites/master/sprites/pokemon/shiny/759.png','2024-12-17 18:53:13'),(760,'Bewear','normal','fighting','https://raw.githubusercontent.com/PokeAPI/sprites/master/sprites/pokemon/760.png','https://raw.githubusercontent.com/PokeAPI/sprites/master/sprites/pokemon/shiny/760.png','2024-12-17 18:53:13'),(761,'Bounsweet','grass',NULL,'https://raw.githubusercontent.com/PokeAPI/sprites/master/sprites/pokemon/761.png','https://raw.githubusercontent.com/PokeAPI/sprites/master/sprites/pokemon/shiny/761.png','2024-12-17 18:53:13'),(762,'Steenee','grass',NULL,'https://raw.githubusercontent.com/PokeAPI/sprites/master/sprites/pokemon/762.png','https://raw.githubusercontent.com/PokeAPI/sprites/master/sprites/pokemon/shiny/762.png','2024-12-17 18:53:13'),(763,'Tsareena','grass',NULL,'https://raw.githubusercontent.com/PokeAPI/sprites/master/sprites/pokemon/763.png','https://raw.githubusercontent.com/PokeAPI/sprites/master/sprites/pokemon/shiny/763.png','2024-12-17 18:53:13'),(764,'Comfey','fairy',NULL,'https://raw.githubusercontent.com/PokeAPI/sprites/master/sprites/pokemon/764.png','https://raw.githubusercontent.com/PokeAPI/sprites/master/sprites/pokemon/shiny/764.png','2024-12-17 18:53:13'),(765,'Oranguru','normal','psychic','https://raw.githubusercontent.com/PokeAPI/sprites/master/sprites/pokemon/765.png','https://raw.githubusercontent.com/PokeAPI/sprites/master/sprites/pokemon/shiny/765.png','2024-12-17 18:53:13'),(766,'Passimian','fighting',NULL,'https://raw.githubusercontent.com/PokeAPI/sprites/master/sprites/pokemon/766.png','https://raw.githubusercontent.com/PokeAPI/sprites/master/sprites/pokemon/shiny/766.png','2024-12-17 18:53:13'),(767,'Wimpod','bug','water','https://raw.githubusercontent.com/PokeAPI/sprites/master/sprites/pokemon/767.png','https://raw.githubusercontent.com/PokeAPI/sprites/master/sprites/pokemon/shiny/767.png','2024-12-17 18:53:13'),(768,'Golisopod','bug','water','https://raw.githubusercontent.com/PokeAPI/sprites/master/sprites/pokemon/768.png','https://raw.githubusercontent.com/PokeAPI/sprites/master/sprites/pokemon/shiny/768.png','2024-12-17 18:53:13'),(769,'Sandygast','ghost','ground','https://raw.githubusercontent.com/PokeAPI/sprites/master/sprites/pokemon/769.png','https://raw.githubusercontent.com/PokeAPI/sprites/master/sprites/pokemon/shiny/769.png','2024-12-17 18:53:13'),(770,'Palossand','ghost','ground','https://raw.githubusercontent.com/PokeAPI/sprites/master/sprites/pokemon/770.png','https://raw.githubusercontent.com/PokeAPI/sprites/master/sprites/pokemon/shiny/770.png','2024-12-17 18:53:13'),(771,'Pyukumuku','water',NULL,'https://raw.githubusercontent.com/PokeAPI/sprites/master/sprites/pokemon/771.png','https://raw.githubusercontent.com/PokeAPI/sprites/master/sprites/pokemon/shiny/771.png','2024-12-17 18:53:13'),(772,'Type Null','normal',NULL,'https://raw.githubusercontent.com/PokeAPI/sprites/master/sprites/pokemon/772.png','https://raw.githubusercontent.com/PokeAPI/sprites/master/sprites/pokemon/shiny/772.png','2024-12-17 18:53:13'),(773,'Silvally','normal',NULL,'https://raw.githubusercontent.com/PokeAPI/sprites/master/sprites/pokemon/773.png','https://raw.githubusercontent.com/PokeAPI/sprites/master/sprites/pokemon/shiny/773.png','2024-12-17 18:53:13'),(774,'Minior Red Meteor','rock','flying','https://raw.githubusercontent.com/PokeAPI/sprites/master/sprites/pokemon/774.png','https://raw.githubusercontent.com/PokeAPI/sprites/master/sprites/pokemon/shiny/774.png','2024-12-17 18:53:13'),(775,'Komala','normal',NULL,'https://raw.githubusercontent.com/PokeAPI/sprites/master/sprites/pokemon/775.png','https://raw.githubusercontent.com/PokeAPI/sprites/master/sprites/pokemon/shiny/775.png','2024-12-17 18:53:13'),(776,'Turtonator','fire','dragon','https://raw.githubusercontent.com/PokeAPI/sprites/master/sprites/pokemon/776.png','https://raw.githubusercontent.com/PokeAPI/sprites/master/sprites/pokemon/shiny/776.png','2024-12-17 18:53:13'),(777,'Togedemaru','electric','steel','https://raw.githubusercontent.com/PokeAPI/sprites/master/sprites/pokemon/777.png','https://raw.githubusercontent.com/PokeAPI/sprites/master/sprites/pokemon/shiny/777.png','2024-12-17 18:53:13'),(778,'Mimikyu Disguised','ghost','fairy','https://raw.githubusercontent.com/PokeAPI/sprites/master/sprites/pokemon/778.png','https://raw.githubusercontent.com/PokeAPI/sprites/master/sprites/pokemon/shiny/778.png','2024-12-17 18:53:13'),(779,'Bruxish','water','psychic','https://raw.githubusercontent.com/PokeAPI/sprites/master/sprites/pokemon/779.png','https://raw.githubusercontent.com/PokeAPI/sprites/master/sprites/pokemon/shiny/779.png','2024-12-17 18:53:13'),(780,'Drampa','normal','dragon','https://raw.githubusercontent.com/PokeAPI/sprites/master/sprites/pokemon/780.png','https://raw.githubusercontent.com/PokeAPI/sprites/master/sprites/pokemon/shiny/780.png','2024-12-17 18:53:13'),(781,'Dhelmise','ghost','grass','https://raw.githubusercontent.com/PokeAPI/sprites/master/sprites/pokemon/781.png','https://raw.githubusercontent.com/PokeAPI/sprites/master/sprites/pokemon/shiny/781.png','2024-12-17 18:53:13'),(782,'Jangmo O','dragon',NULL,'https://raw.githubusercontent.com/PokeAPI/sprites/master/sprites/pokemon/782.png','https://raw.githubusercontent.com/PokeAPI/sprites/master/sprites/pokemon/shiny/782.png','2024-12-17 18:53:13'),(783,'Hakamo O','dragon','fighting','https://raw.githubusercontent.com/PokeAPI/sprites/master/sprites/pokemon/783.png','https://raw.githubusercontent.com/PokeAPI/sprites/master/sprites/pokemon/shiny/783.png','2024-12-17 18:53:13'),(784,'Kommo O','dragon','fighting','https://raw.githubusercontent.com/PokeAPI/sprites/master/sprites/pokemon/784.png','https://raw.githubusercontent.com/PokeAPI/sprites/master/sprites/pokemon/shiny/784.png','2024-12-17 18:53:13'),(785,'Tapu Koko','electric','fairy','https://raw.githubusercontent.com/PokeAPI/sprites/master/sprites/pokemon/785.png','https://raw.githubusercontent.com/PokeAPI/sprites/master/sprites/pokemon/shiny/785.png','2024-12-17 18:53:13'),(786,'Tapu Lele','psychic','fairy','https://raw.githubusercontent.com/PokeAPI/sprites/master/sprites/pokemon/786.png','https://raw.githubusercontent.com/PokeAPI/sprites/master/sprites/pokemon/shiny/786.png','2024-12-17 18:53:13'),(787,'Tapu Bulu','grass','fairy','https://raw.githubusercontent.com/PokeAPI/sprites/master/sprites/pokemon/787.png','https://raw.githubusercontent.com/PokeAPI/sprites/master/sprites/pokemon/shiny/787.png','2024-12-17 18:53:13'),(788,'Tapu Fini','water','fairy','https://raw.githubusercontent.com/PokeAPI/sprites/master/sprites/pokemon/788.png','https://raw.githubusercontent.com/PokeAPI/sprites/master/sprites/pokemon/shiny/788.png','2024-12-17 18:53:13'),(789,'Cosmog','psychic',NULL,'https://raw.githubusercontent.com/PokeAPI/sprites/master/sprites/pokemon/789.png','https://raw.githubusercontent.com/PokeAPI/sprites/master/sprites/pokemon/shiny/789.png','2024-12-17 18:53:13'),(790,'Cosmoem','psychic',NULL,'https://raw.githubusercontent.com/PokeAPI/sprites/master/sprites/pokemon/790.png','https://raw.githubusercontent.com/PokeAPI/sprites/master/sprites/pokemon/shiny/790.png','2024-12-17 18:53:13'),(791,'Solgaleo','psychic','steel','https://raw.githubusercontent.com/PokeAPI/sprites/master/sprites/pokemon/791.png','https://raw.githubusercontent.com/PokeAPI/sprites/master/sprites/pokemon/shiny/791.png','2024-12-17 18:53:13'),(792,'Lunala','psychic','ghost','https://raw.githubusercontent.com/PokeAPI/sprites/master/sprites/pokemon/792.png','https://raw.githubusercontent.com/PokeAPI/sprites/master/sprites/pokemon/shiny/792.png','2024-12-17 18:53:13'),(793,'Nihilego','rock','poison','https://raw.githubusercontent.com/PokeAPI/sprites/master/sprites/pokemon/793.png','https://raw.githubusercontent.com/PokeAPI/sprites/master/sprites/pokemon/shiny/793.png','2024-12-17 18:53:13'),(794,'Buzzwole','bug','fighting','https://raw.githubusercontent.com/PokeAPI/sprites/master/sprites/pokemon/794.png','https://raw.githubusercontent.com/PokeAPI/sprites/master/sprites/pokemon/shiny/794.png','2024-12-17 18:53:13'),(795,'Pheromosa','bug','fighting','https://raw.githubusercontent.com/PokeAPI/sprites/master/sprites/pokemon/795.png','https://raw.githubusercontent.com/PokeAPI/sprites/master/sprites/pokemon/shiny/795.png','2024-12-17 18:53:13'),(796,'Xurkitree','electric',NULL,'https://raw.githubusercontent.com/PokeAPI/sprites/master/sprites/pokemon/796.png','https://raw.githubusercontent.com/PokeAPI/sprites/master/sprites/pokemon/shiny/796.png','2024-12-17 18:53:13'),(797,'Celesteela','steel','flying','https://raw.githubusercontent.com/PokeAPI/sprites/master/sprites/pokemon/797.png','https://raw.githubusercontent.com/PokeAPI/sprites/master/sprites/pokemon/shiny/797.png','2024-12-17 18:53:13'),(798,'Kartana','grass','steel','https://raw.githubusercontent.com/PokeAPI/sprites/master/sprites/pokemon/798.png','https://raw.githubusercontent.com/PokeAPI/sprites/master/sprites/pokemon/shiny/798.png','2024-12-17 18:53:13'),(799,'Guzzlord','dark','dragon','https://raw.githubusercontent.com/PokeAPI/sprites/master/sprites/pokemon/799.png','https://raw.githubusercontent.com/PokeAPI/sprites/master/sprites/pokemon/shiny/799.png','2024-12-17 18:53:13'),(800,'Necrozma','psychic',NULL,'https://raw.githubusercontent.com/PokeAPI/sprites/master/sprites/pokemon/800.png','https://raw.githubusercontent.com/PokeAPI/sprites/master/sprites/pokemon/shiny/800.png','2024-12-17 18:53:13'),(801,'Magearna','steel','fairy','https://raw.githubusercontent.com/PokeAPI/sprites/master/sprites/pokemon/801.png','https://raw.githubusercontent.com/PokeAPI/sprites/master/sprites/pokemon/shiny/801.png','2024-12-17 18:53:13'),(802,'Marshadow','fighting','ghost','https://raw.githubusercontent.com/PokeAPI/sprites/master/sprites/pokemon/802.png','https://raw.githubusercontent.com/PokeAPI/sprites/master/sprites/pokemon/shiny/802.png','2024-12-17 18:53:13'),(803,'Poipole','poison',NULL,'https://raw.githubusercontent.com/PokeAPI/sprites/master/sprites/pokemon/803.png','https://raw.githubusercontent.com/PokeAPI/sprites/master/sprites/pokemon/shiny/803.png','2024-12-17 18:53:13'),(804,'Naganadel','poison','dragon','https://raw.githubusercontent.com/PokeAPI/sprites/master/sprites/pokemon/804.png','https://raw.githubusercontent.com/PokeAPI/sprites/master/sprites/pokemon/shiny/804.png','2024-12-17 18:53:13'),(805,'Stakataka','rock','steel','https://raw.githubusercontent.com/PokeAPI/sprites/master/sprites/pokemon/805.png','https://raw.githubusercontent.com/PokeAPI/sprites/master/sprites/pokemon/shiny/805.png','2024-12-17 18:53:13'),(806,'Blacephalon','fire','ghost','https://raw.githubusercontent.com/PokeAPI/sprites/master/sprites/pokemon/806.png','https://raw.githubusercontent.com/PokeAPI/sprites/master/sprites/pokemon/shiny/806.png','2024-12-17 18:53:13'),(807,'Zeraora','electric',NULL,'https://raw.githubusercontent.com/PokeAPI/sprites/master/sprites/pokemon/807.png','https://raw.githubusercontent.com/PokeAPI/sprites/master/sprites/pokemon/shiny/807.png','2024-12-17 18:53:13'),(808,'Meltan','steel',NULL,'https://raw.githubusercontent.com/PokeAPI/sprites/master/sprites/pokemon/808.png','https://raw.githubusercontent.com/PokeAPI/sprites/master/sprites/pokemon/shiny/808.png','2024-12-17 18:53:13'),(809,'Melmetal','steel',NULL,'https://raw.githubusercontent.com/PokeAPI/sprites/master/sprites/pokemon/809.png','https://raw.githubusercontent.com/PokeAPI/sprites/master/sprites/pokemon/shiny/809.png','2024-12-17 18:53:13'),(810,'Grookey','grass',NULL,'https://raw.githubusercontent.com/PokeAPI/sprites/master/sprites/pokemon/810.png','https://raw.githubusercontent.com/PokeAPI/sprites/master/sprites/pokemon/shiny/810.png','2024-12-17 18:53:13'),(811,'Thwackey','grass',NULL,'https://raw.githubusercontent.com/PokeAPI/sprites/master/sprites/pokemon/811.png','https://raw.githubusercontent.com/PokeAPI/sprites/master/sprites/pokemon/shiny/811.png','2024-12-17 18:53:13'),(812,'Rillaboom','grass',NULL,'https://raw.githubusercontent.com/PokeAPI/sprites/master/sprites/pokemon/812.png','https://raw.githubusercontent.com/PokeAPI/sprites/master/sprites/pokemon/shiny/812.png','2024-12-17 18:53:13'),(813,'Scorbunny','fire',NULL,'https://raw.githubusercontent.com/PokeAPI/sprites/master/sprites/pokemon/813.png','https://raw.githubusercontent.com/PokeAPI/sprites/master/sprites/pokemon/shiny/813.png','2024-12-17 18:53:13'),(814,'Raboot','fire',NULL,'https://raw.githubusercontent.com/PokeAPI/sprites/master/sprites/pokemon/814.png','https://raw.githubusercontent.com/PokeAPI/sprites/master/sprites/pokemon/shiny/814.png','2024-12-17 18:53:13'),(815,'Cinderace','fire',NULL,'https://raw.githubusercontent.com/PokeAPI/sprites/master/sprites/pokemon/815.png','https://raw.githubusercontent.com/PokeAPI/sprites/master/sprites/pokemon/shiny/815.png','2024-12-17 18:53:13'),(816,'Sobble','water',NULL,'https://raw.githubusercontent.com/PokeAPI/sprites/master/sprites/pokemon/816.png','https://raw.githubusercontent.com/PokeAPI/sprites/master/sprites/pokemon/shiny/816.png','2024-12-17 18:53:13'),(817,'Drizzile','water',NULL,'https://raw.githubusercontent.com/PokeAPI/sprites/master/sprites/pokemon/817.png','https://raw.githubusercontent.com/PokeAPI/sprites/master/sprites/pokemon/shiny/817.png','2024-12-17 18:53:13'),(818,'Inteleon','water',NULL,'https://raw.githubusercontent.com/PokeAPI/sprites/master/sprites/pokemon/818.png','https://raw.githubusercontent.com/PokeAPI/sprites/master/sprites/pokemon/shiny/818.png','2024-12-17 18:53:13'),(819,'Skwovet','normal',NULL,'https://raw.githubusercontent.com/PokeAPI/sprites/master/sprites/pokemon/819.png','https://raw.githubusercontent.com/PokeAPI/sprites/master/sprites/pokemon/shiny/819.png','2024-12-17 18:53:13'),(820,'Greedent','normal',NULL,'https://raw.githubusercontent.com/PokeAPI/sprites/master/sprites/pokemon/820.png','https://raw.githubusercontent.com/PokeAPI/sprites/master/sprites/pokemon/shiny/820.png','2024-12-17 18:53:13'),(821,'Rookidee','flying',NULL,'https://raw.githubusercontent.com/PokeAPI/sprites/master/sprites/pokemon/821.png','https://raw.githubusercontent.com/PokeAPI/sprites/master/sprites/pokemon/shiny/821.png','2024-12-17 18:53:13'),(822,'Corvisquire','flying',NULL,'https://raw.githubusercontent.com/PokeAPI/sprites/master/sprites/pokemon/822.png','https://raw.githubusercontent.com/PokeAPI/sprites/master/sprites/pokemon/shiny/822.png','2024-12-17 18:53:13'),(823,'Corviknight','flying','steel','https://raw.githubusercontent.com/PokeAPI/sprites/master/sprites/pokemon/823.png','https://raw.githubusercontent.com/PokeAPI/sprites/master/sprites/pokemon/shiny/823.png','2024-12-17 18:53:13'),(824,'Blipbug','bug',NULL,'https://raw.githubusercontent.com/PokeAPI/sprites/master/sprites/pokemon/824.png','https://raw.githubusercontent.com/PokeAPI/sprites/master/sprites/pokemon/shiny/824.png','2024-12-17 18:53:13'),(825,'Dottler','bug','psychic','https://raw.githubusercontent.com/PokeAPI/sprites/master/sprites/pokemon/825.png','https://raw.githubusercontent.com/PokeAPI/sprites/master/sprites/pokemon/shiny/825.png','2024-12-17 18:53:13'),(826,'Orbeetle','bug','psychic','https://raw.githubusercontent.com/PokeAPI/sprites/master/sprites/pokemon/826.png','https://raw.githubusercontent.com/PokeAPI/sprites/master/sprites/pokemon/shiny/826.png','2024-12-17 18:53:13'),(827,'Nickit','dark',NULL,'https://raw.githubusercontent.com/PokeAPI/sprites/master/sprites/pokemon/827.png','https://raw.githubusercontent.com/PokeAPI/sprites/master/sprites/pokemon/shiny/827.png','2024-12-17 18:53:13'),(828,'Thievul','dark',NULL,'https://raw.githubusercontent.com/PokeAPI/sprites/master/sprites/pokemon/828.png','https://raw.githubusercontent.com/PokeAPI/sprites/master/sprites/pokemon/shiny/828.png','2024-12-17 18:53:13'),(829,'Gossifleur','grass',NULL,'https://raw.githubusercontent.com/PokeAPI/sprites/master/sprites/pokemon/829.png','https://raw.githubusercontent.com/PokeAPI/sprites/master/sprites/pokemon/shiny/829.png','2024-12-17 18:53:13'),(830,'Eldegoss','grass',NULL,'https://raw.githubusercontent.com/PokeAPI/sprites/master/sprites/pokemon/830.png','https://raw.githubusercontent.com/PokeAPI/sprites/master/sprites/pokemon/shiny/830.png','2024-12-17 18:53:13'),(831,'Wooloo','normal',NULL,'https://raw.githubusercontent.com/PokeAPI/sprites/master/sprites/pokemon/831.png','https://raw.githubusercontent.com/PokeAPI/sprites/master/sprites/pokemon/shiny/831.png','2024-12-17 18:53:13'),(832,'Dubwool','normal',NULL,'https://raw.githubusercontent.com/PokeAPI/sprites/master/sprites/pokemon/832.png','https://raw.githubusercontent.com/PokeAPI/sprites/master/sprites/pokemon/shiny/832.png','2024-12-17 18:53:13'),(833,'Chewtle','water',NULL,'https://raw.githubusercontent.com/PokeAPI/sprites/master/sprites/pokemon/833.png','https://raw.githubusercontent.com/PokeAPI/sprites/master/sprites/pokemon/shiny/833.png','2024-12-17 18:53:13'),(834,'Drednaw','water','rock','https://raw.githubusercontent.com/PokeAPI/sprites/master/sprites/pokemon/834.png','https://raw.githubusercontent.com/PokeAPI/sprites/master/sprites/pokemon/shiny/834.png','2024-12-17 18:53:13'),(835,'Yamper','electric',NULL,'https://raw.githubusercontent.com/PokeAPI/sprites/master/sprites/pokemon/835.png','https://raw.githubusercontent.com/PokeAPI/sprites/master/sprites/pokemon/shiny/835.png','2024-12-17 18:53:13'),(836,'Boltund','electric',NULL,'https://raw.githubusercontent.com/PokeAPI/sprites/master/sprites/pokemon/836.png','https://raw.githubusercontent.com/PokeAPI/sprites/master/sprites/pokemon/shiny/836.png','2024-12-17 18:53:13'),(837,'Rolycoly','rock',NULL,'https://raw.githubusercontent.com/PokeAPI/sprites/master/sprites/pokemon/837.png','https://raw.githubusercontent.com/PokeAPI/sprites/master/sprites/pokemon/shiny/837.png','2024-12-17 18:53:13'),(838,'Carkol','rock','fire','https://raw.githubusercontent.com/PokeAPI/sprites/master/sprites/pokemon/838.png','https://raw.githubusercontent.com/PokeAPI/sprites/master/sprites/pokemon/shiny/838.png','2024-12-17 18:53:13'),(839,'Coalossal','rock','fire','https://raw.githubusercontent.com/PokeAPI/sprites/master/sprites/pokemon/839.png','https://raw.githubusercontent.com/PokeAPI/sprites/master/sprites/pokemon/shiny/839.png','2024-12-17 18:53:13'),(840,'Applin','grass','dragon','https://raw.githubusercontent.com/PokeAPI/sprites/master/sprites/pokemon/840.png','https://raw.githubusercontent.com/PokeAPI/sprites/master/sprites/pokemon/shiny/840.png','2024-12-17 18:53:13'),(841,'Flapple','grass','dragon','https://raw.githubusercontent.com/PokeAPI/sprites/master/sprites/pokemon/841.png','https://raw.githubusercontent.com/PokeAPI/sprites/master/sprites/pokemon/shiny/841.png','2024-12-17 18:53:13'),(842,'Appletun','grass','dragon','https://raw.githubusercontent.com/PokeAPI/sprites/master/sprites/pokemon/842.png','https://raw.githubusercontent.com/PokeAPI/sprites/master/sprites/pokemon/shiny/842.png','2024-12-17 18:53:13'),(843,'Silicobra','ground',NULL,'https://raw.githubusercontent.com/PokeAPI/sprites/master/sprites/pokemon/843.png','https://raw.githubusercontent.com/PokeAPI/sprites/master/sprites/pokemon/shiny/843.png','2024-12-17 18:53:13'),(844,'Sandaconda','ground',NULL,'https://raw.githubusercontent.com/PokeAPI/sprites/master/sprites/pokemon/844.png','https://raw.githubusercontent.com/PokeAPI/sprites/master/sprites/pokemon/shiny/844.png','2024-12-17 18:53:13'),(845,'Cramorant','flying','water','https://raw.githubusercontent.com/PokeAPI/sprites/master/sprites/pokemon/845.png','https://raw.githubusercontent.com/PokeAPI/sprites/master/sprites/pokemon/shiny/845.png','2024-12-17 18:53:13'),(846,'Arrokuda','water',NULL,'https://raw.githubusercontent.com/PokeAPI/sprites/master/sprites/pokemon/846.png','https://raw.githubusercontent.com/PokeAPI/sprites/master/sprites/pokemon/shiny/846.png','2024-12-17 18:53:13'),(847,'Barraskewda','water',NULL,'https://raw.githubusercontent.com/PokeAPI/sprites/master/sprites/pokemon/847.png','https://raw.githubusercontent.com/PokeAPI/sprites/master/sprites/pokemon/shiny/847.png','2024-12-17 18:53:13'),(848,'Toxel','electric','poison','https://raw.githubusercontent.com/PokeAPI/sprites/master/sprites/pokemon/848.png','https://raw.githubusercontent.com/PokeAPI/sprites/master/sprites/pokemon/shiny/848.png','2024-12-17 18:53:13'),(849,'Toxtricity Amped','electric','poison','https://raw.githubusercontent.com/PokeAPI/sprites/master/sprites/pokemon/849.png','https://raw.githubusercontent.com/PokeAPI/sprites/master/sprites/pokemon/shiny/849.png','2024-12-17 18:53:13'),(850,'Sizzlipede','fire','bug','https://raw.githubusercontent.com/PokeAPI/sprites/master/sprites/pokemon/850.png','https://raw.githubusercontent.com/PokeAPI/sprites/master/sprites/pokemon/shiny/850.png','2024-12-17 18:53:13'),(851,'Centiskorch','fire','bug','https://raw.githubusercontent.com/PokeAPI/sprites/master/sprites/pokemon/851.png','https://raw.githubusercontent.com/PokeAPI/sprites/master/sprites/pokemon/shiny/851.png','2024-12-17 18:53:13'),(852,'Clobbopus','fighting',NULL,'https://raw.githubusercontent.com/PokeAPI/sprites/master/sprites/pokemon/852.png','https://raw.githubusercontent.com/PokeAPI/sprites/master/sprites/pokemon/shiny/852.png','2024-12-17 18:53:13'),(853,'Grapploct','fighting',NULL,'https://raw.githubusercontent.com/PokeAPI/sprites/master/sprites/pokemon/853.png','https://raw.githubusercontent.com/PokeAPI/sprites/master/sprites/pokemon/shiny/853.png','2024-12-17 18:53:13'),(854,'Sinistea','ghost',NULL,'https://raw.githubusercontent.com/PokeAPI/sprites/master/sprites/pokemon/854.png','https://raw.githubusercontent.com/PokeAPI/sprites/master/sprites/pokemon/shiny/854.png','2024-12-17 18:53:13'),(855,'Polteageist','ghost',NULL,'https://raw.githubusercontent.com/PokeAPI/sprites/master/sprites/pokemon/855.png','https://raw.githubusercontent.com/PokeAPI/sprites/master/sprites/pokemon/shiny/855.png','2024-12-17 18:53:13'),(856,'Hatenna','psychic',NULL,'https://raw.githubusercontent.com/PokeAPI/sprites/master/sprites/pokemon/856.png','https://raw.githubusercontent.com/PokeAPI/sprites/master/sprites/pokemon/shiny/856.png','2024-12-17 18:53:13'),(857,'Hattrem','psychic',NULL,'https://raw.githubusercontent.com/PokeAPI/sprites/master/sprites/pokemon/857.png','https://raw.githubusercontent.com/PokeAPI/sprites/master/sprites/pokemon/shiny/857.png','2024-12-17 18:53:13'),(858,'Hatterene','psychic','fairy','https://raw.githubusercontent.com/PokeAPI/sprites/master/sprites/pokemon/858.png','https://raw.githubusercontent.com/PokeAPI/sprites/master/sprites/pokemon/shiny/858.png','2024-12-17 18:53:13'),(859,'Impidimp','dark','fairy','https://raw.githubusercontent.com/PokeAPI/sprites/master/sprites/pokemon/859.png','https://raw.githubusercontent.com/PokeAPI/sprites/master/sprites/pokemon/shiny/859.png','2024-12-17 18:53:13'),(860,'Morgrem','dark','fairy','https://raw.githubusercontent.com/PokeAPI/sprites/master/sprites/pokemon/860.png','https://raw.githubusercontent.com/PokeAPI/sprites/master/sprites/pokemon/shiny/860.png','2024-12-17 18:53:13'),(861,'Grimmsnarl','dark','fairy','https://raw.githubusercontent.com/PokeAPI/sprites/master/sprites/pokemon/861.png','https://raw.githubusercontent.com/PokeAPI/sprites/master/sprites/pokemon/shiny/861.png','2024-12-17 18:53:13'),(862,'Obstagoon','dark','normal','https://raw.githubusercontent.com/PokeAPI/sprites/master/sprites/pokemon/862.png','https://raw.githubusercontent.com/PokeAPI/sprites/master/sprites/pokemon/shiny/862.png','2024-12-17 18:53:13'),(863,'Perrserker','steel',NULL,'https://raw.githubusercontent.com/PokeAPI/sprites/master/sprites/pokemon/863.png','https://raw.githubusercontent.com/PokeAPI/sprites/master/sprites/pokemon/shiny/863.png','2024-12-17 18:53:13'),(864,'Cursola','ghost',NULL,'https://raw.githubusercontent.com/PokeAPI/sprites/master/sprites/pokemon/864.png','https://raw.githubusercontent.com/PokeAPI/sprites/master/sprites/pokemon/shiny/864.png','2024-12-17 18:53:13'),(865,'Sirfetchd','fighting',NULL,'https://raw.githubusercontent.com/PokeAPI/sprites/master/sprites/pokemon/865.png','https://raw.githubusercontent.com/PokeAPI/sprites/master/sprites/pokemon/shiny/865.png','2024-12-17 18:53:13'),(866,'Mr Rime','ice','psychic','https://raw.githubusercontent.com/PokeAPI/sprites/master/sprites/pokemon/866.png','https://raw.githubusercontent.com/PokeAPI/sprites/master/sprites/pokemon/shiny/866.png','2024-12-17 18:53:13'),(867,'Runerigus','ground','ghost','https://raw.githubusercontent.com/PokeAPI/sprites/master/sprites/pokemon/867.png','https://raw.githubusercontent.com/PokeAPI/sprites/master/sprites/pokemon/shiny/867.png','2024-12-17 18:53:13'),(868,'Milcery','fairy',NULL,'https://raw.githubusercontent.com/PokeAPI/sprites/master/sprites/pokemon/868.png','https://raw.githubusercontent.com/PokeAPI/sprites/master/sprites/pokemon/shiny/868.png','2024-12-17 18:53:13'),(869,'Alcremie','fairy',NULL,'https://raw.githubusercontent.com/PokeAPI/sprites/master/sprites/pokemon/869.png','https://raw.githubusercontent.com/PokeAPI/sprites/master/sprites/pokemon/shiny/869.png','2024-12-17 18:53:13'),(870,'Falinks','fighting',NULL,'https://raw.githubusercontent.com/PokeAPI/sprites/master/sprites/pokemon/870.png','https://raw.githubusercontent.com/PokeAPI/sprites/master/sprites/pokemon/shiny/870.png','2024-12-17 18:53:13'),(871,'Pincurchin','electric',NULL,'https://raw.githubusercontent.com/PokeAPI/sprites/master/sprites/pokemon/871.png','https://raw.githubusercontent.com/PokeAPI/sprites/master/sprites/pokemon/shiny/871.png','2024-12-17 18:53:13'),(872,'Snom','ice','bug','https://raw.githubusercontent.com/PokeAPI/sprites/master/sprites/pokemon/872.png','https://raw.githubusercontent.com/PokeAPI/sprites/master/sprites/pokemon/shiny/872.png','2024-12-17 18:53:13'),(873,'Frosmoth','ice','bug','https://raw.githubusercontent.com/PokeAPI/sprites/master/sprites/pokemon/873.png','https://raw.githubusercontent.com/PokeAPI/sprites/master/sprites/pokemon/shiny/873.png','2024-12-17 18:53:13'),(874,'Stonjourner','rock',NULL,'https://raw.githubusercontent.com/PokeAPI/sprites/master/sprites/pokemon/874.png','https://raw.githubusercontent.com/PokeAPI/sprites/master/sprites/pokemon/shiny/874.png','2024-12-17 18:53:13'),(875,'Eiscue Ice','ice',NULL,'https://raw.githubusercontent.com/PokeAPI/sprites/master/sprites/pokemon/875.png','https://raw.githubusercontent.com/PokeAPI/sprites/master/sprites/pokemon/shiny/875.png','2024-12-17 18:53:13'),(876,'Indeedee Male','psychic','normal','https://raw.githubusercontent.com/PokeAPI/sprites/master/sprites/pokemon/876.png','https://raw.githubusercontent.com/PokeAPI/sprites/master/sprites/pokemon/shiny/876.png','2024-12-17 18:53:13'),(877,'Morpeko Full Belly','electric','dark','https://raw.githubusercontent.com/PokeAPI/sprites/master/sprites/pokemon/877.png','https://raw.githubusercontent.com/PokeAPI/sprites/master/sprites/pokemon/shiny/877.png','2024-12-17 18:53:13'),(878,'Cufant','steel',NULL,'https://raw.githubusercontent.com/PokeAPI/sprites/master/sprites/pokemon/878.png','https://raw.githubusercontent.com/PokeAPI/sprites/master/sprites/pokemon/shiny/878.png','2024-12-17 18:53:13'),(879,'Copperajah','steel',NULL,'https://raw.githubusercontent.com/PokeAPI/sprites/master/sprites/pokemon/879.png','https://raw.githubusercontent.com/PokeAPI/sprites/master/sprites/pokemon/shiny/879.png','2024-12-17 18:53:13'),(880,'Dracozolt','electric','dragon','https://raw.githubusercontent.com/PokeAPI/sprites/master/sprites/pokemon/880.png','https://raw.githubusercontent.com/PokeAPI/sprites/master/sprites/pokemon/shiny/880.png','2024-12-17 18:53:13'),(881,'Arctozolt','electric','ice','https://raw.githubusercontent.com/PokeAPI/sprites/master/sprites/pokemon/881.png','https://raw.githubusercontent.com/PokeAPI/sprites/master/sprites/pokemon/shiny/881.png','2024-12-17 18:53:13'),(882,'Dracovish','water','dragon','https://raw.githubusercontent.com/PokeAPI/sprites/master/sprites/pokemon/882.png','https://raw.githubusercontent.com/PokeAPI/sprites/master/sprites/pokemon/shiny/882.png','2024-12-17 18:53:13'),(883,'Arctovish','water','ice','https://raw.githubusercontent.com/PokeAPI/sprites/master/sprites/pokemon/883.png','https://raw.githubusercontent.com/PokeAPI/sprites/master/sprites/pokemon/shiny/883.png','2024-12-17 18:53:13'),(884,'Duraludon','steel','dragon','https://raw.githubusercontent.com/PokeAPI/sprites/master/sprites/pokemon/884.png','https://raw.githubusercontent.com/PokeAPI/sprites/master/sprites/pokemon/shiny/884.png','2024-12-17 18:53:13'),(885,'Dreepy','dragon','ghost','https://raw.githubusercontent.com/PokeAPI/sprites/master/sprites/pokemon/885.png','https://raw.githubusercontent.com/PokeAPI/sprites/master/sprites/pokemon/shiny/885.png','2024-12-17 18:53:13'),(886,'Drakloak','dragon','ghost','https://raw.githubusercontent.com/PokeAPI/sprites/master/sprites/pokemon/886.png','https://raw.githubusercontent.com/PokeAPI/sprites/master/sprites/pokemon/shiny/886.png','2024-12-17 18:53:13'),(887,'Dragapult','dragon','ghost','https://raw.githubusercontent.com/PokeAPI/sprites/master/sprites/pokemon/887.png','https://raw.githubusercontent.com/PokeAPI/sprites/master/sprites/pokemon/shiny/887.png','2024-12-17 18:53:13'),(888,'Zacian','fairy',NULL,'https://raw.githubusercontent.com/PokeAPI/sprites/master/sprites/pokemon/888.png','https://raw.githubusercontent.com/PokeAPI/sprites/master/sprites/pokemon/shiny/888.png','2024-12-17 18:53:13'),(889,'Zamazenta','fighting',NULL,'https://raw.githubusercontent.com/PokeAPI/sprites/master/sprites/pokemon/889.png','https://raw.githubusercontent.com/PokeAPI/sprites/master/sprites/pokemon/shiny/889.png','2024-12-17 18:53:13'),(890,'Eternatus','poison','dragon','https://raw.githubusercontent.com/PokeAPI/sprites/master/sprites/pokemon/890.png','https://raw.githubusercontent.com/PokeAPI/sprites/master/sprites/pokemon/shiny/890.png','2024-12-17 18:53:13'),(891,'Kubfu','fighting',NULL,'https://raw.githubusercontent.com/PokeAPI/sprites/master/sprites/pokemon/891.png','https://raw.githubusercontent.com/PokeAPI/sprites/master/sprites/pokemon/shiny/891.png','2024-12-17 18:53:13'),(892,'Urshifu Single Strike','fighting','dark','https://raw.githubusercontent.com/PokeAPI/sprites/master/sprites/pokemon/892.png','https://raw.githubusercontent.com/PokeAPI/sprites/master/sprites/pokemon/shiny/892.png','2024-12-17 18:53:13'),(893,'Zarude','dark','grass','https://raw.githubusercontent.com/PokeAPI/sprites/master/sprites/pokemon/893.png','https://raw.githubusercontent.com/PokeAPI/sprites/master/sprites/pokemon/shiny/893.png','2024-12-17 18:53:13'),(894,'Regieleki','electric',NULL,'https://raw.githubusercontent.com/PokeAPI/sprites/master/sprites/pokemon/894.png','https://raw.githubusercontent.com/PokeAPI/sprites/master/sprites/pokemon/shiny/894.png','2024-12-17 18:53:13'),(895,'Regidrago','dragon',NULL,'https://raw.githubusercontent.com/PokeAPI/sprites/master/sprites/pokemon/895.png','https://raw.githubusercontent.com/PokeAPI/sprites/master/sprites/pokemon/shiny/895.png','2024-12-17 18:53:13'),(896,'Glastrier','ice',NULL,'https://raw.githubusercontent.com/PokeAPI/sprites/master/sprites/pokemon/896.png','https://raw.githubusercontent.com/PokeAPI/sprites/master/sprites/pokemon/shiny/896.png','2024-12-17 18:53:13'),(897,'Spectrier','ghost',NULL,'https://raw.githubusercontent.com/PokeAPI/sprites/master/sprites/pokemon/897.png','https://raw.githubusercontent.com/PokeAPI/sprites/master/sprites/pokemon/shiny/897.png','2024-12-17 18:53:13'),(898,'Calyrex','psychic','grass','https://raw.githubusercontent.com/PokeAPI/sprites/master/sprites/pokemon/898.png','https://raw.githubusercontent.com/PokeAPI/sprites/master/sprites/pokemon/shiny/898.png','2024-12-17 18:53:13'),(899,'Wyrdeer','normal','psychic','https://raw.githubusercontent.com/PokeAPI/sprites/master/sprites/pokemon/899.png','https://raw.githubusercontent.com/PokeAPI/sprites/master/sprites/pokemon/shiny/899.png','2024-12-17 18:53:13'),(900,'Kleavor','bug','rock','https://raw.githubusercontent.com/PokeAPI/sprites/master/sprites/pokemon/900.png','https://raw.githubusercontent.com/PokeAPI/sprites/master/sprites/pokemon/shiny/900.png','2024-12-17 18:53:13'),(901,'Ursaluna','ground','normal','https://raw.githubusercontent.com/PokeAPI/sprites/master/sprites/pokemon/901.png','https://raw.githubusercontent.com/PokeAPI/sprites/master/sprites/pokemon/shiny/901.png','2024-12-17 18:53:13'),(902,'Basculegion Male','water','ghost','https://raw.githubusercontent.com/PokeAPI/sprites/master/sprites/pokemon/902.png','https://raw.githubusercontent.com/PokeAPI/sprites/master/sprites/pokemon/shiny/902.png','2024-12-17 18:53:13'),(903,'Sneasler','fighting','poison','https://raw.githubusercontent.com/PokeAPI/sprites/master/sprites/pokemon/903.png','https://raw.githubusercontent.com/PokeAPI/sprites/master/sprites/pokemon/shiny/903.png','2024-12-17 18:53:13'),(904,'Overqwil','dark','poison','https://raw.githubusercontent.com/PokeAPI/sprites/master/sprites/pokemon/904.png','https://raw.githubusercontent.com/PokeAPI/sprites/master/sprites/pokemon/shiny/904.png','2024-12-17 18:53:13'),(905,'Enamorus Incarnate','fairy','flying','https://raw.githubusercontent.com/PokeAPI/sprites/master/sprites/pokemon/905.png','https://raw.githubusercontent.com/PokeAPI/sprites/master/sprites/pokemon/shiny/905.png','2024-12-17 18:53:13'),(906,'Sprigatito','grass',NULL,'https://raw.githubusercontent.com/PokeAPI/sprites/master/sprites/pokemon/906.png','https://raw.githubusercontent.com/PokeAPI/sprites/master/sprites/pokemon/shiny/906.png','2024-12-17 18:53:13'),(907,'Floragato','grass',NULL,'https://raw.githubusercontent.com/PokeAPI/sprites/master/sprites/pokemon/907.png','https://raw.githubusercontent.com/PokeAPI/sprites/master/sprites/pokemon/shiny/907.png','2024-12-17 18:53:13'),(908,'Meowscarada','grass','dark','https://raw.githubusercontent.com/PokeAPI/sprites/master/sprites/pokemon/908.png','https://raw.githubusercontent.com/PokeAPI/sprites/master/sprites/pokemon/shiny/908.png','2024-12-17 18:53:13'),(909,'Fuecoco','fire',NULL,'https://raw.githubusercontent.com/PokeAPI/sprites/master/sprites/pokemon/909.png','https://raw.githubusercontent.com/PokeAPI/sprites/master/sprites/pokemon/shiny/909.png','2024-12-17 18:53:13'),(910,'Crocalor','fire',NULL,'https://raw.githubusercontent.com/PokeAPI/sprites/master/sprites/pokemon/910.png','https://raw.githubusercontent.com/PokeAPI/sprites/master/sprites/pokemon/shiny/910.png','2024-12-17 18:53:13'),(911,'Skeledirge','fire','ghost','https://raw.githubusercontent.com/PokeAPI/sprites/master/sprites/pokemon/911.png','https://raw.githubusercontent.com/PokeAPI/sprites/master/sprites/pokemon/shiny/911.png','2024-12-17 18:53:13'),(912,'Quaxly','water',NULL,'https://raw.githubusercontent.com/PokeAPI/sprites/master/sprites/pokemon/912.png','https://raw.githubusercontent.com/PokeAPI/sprites/master/sprites/pokemon/shiny/912.png','2024-12-17 18:53:13'),(913,'Quaxwell','water',NULL,'https://raw.githubusercontent.com/PokeAPI/sprites/master/sprites/pokemon/913.png','https://raw.githubusercontent.com/PokeAPI/sprites/master/sprites/pokemon/shiny/913.png','2024-12-17 18:53:13'),(914,'Quaquaval','water','fighting','https://raw.githubusercontent.com/PokeAPI/sprites/master/sprites/pokemon/914.png','https://raw.githubusercontent.com/PokeAPI/sprites/master/sprites/pokemon/shiny/914.png','2024-12-17 18:53:13'),(915,'Lechonk','normal',NULL,'https://raw.githubusercontent.com/PokeAPI/sprites/master/sprites/pokemon/915.png','https://raw.githubusercontent.com/PokeAPI/sprites/master/sprites/pokemon/shiny/915.png','2024-12-17 18:53:13'),(916,'Oinkologne Male','normal',NULL,'https://raw.githubusercontent.com/PokeAPI/sprites/master/sprites/pokemon/916.png','https://raw.githubusercontent.com/PokeAPI/sprites/master/sprites/pokemon/shiny/916.png','2024-12-17 18:53:13'),(917,'Tarountula','bug',NULL,'https://raw.githubusercontent.com/PokeAPI/sprites/master/sprites/pokemon/917.png','https://raw.githubusercontent.com/PokeAPI/sprites/master/sprites/pokemon/shiny/917.png','2024-12-17 18:53:13'),(918,'Spidops','bug',NULL,'https://raw.githubusercontent.com/PokeAPI/sprites/master/sprites/pokemon/918.png','https://raw.githubusercontent.com/PokeAPI/sprites/master/sprites/pokemon/shiny/918.png','2024-12-17 18:53:13'),(919,'Nymble','bug',NULL,'https://raw.githubusercontent.com/PokeAPI/sprites/master/sprites/pokemon/919.png','https://raw.githubusercontent.com/PokeAPI/sprites/master/sprites/pokemon/shiny/919.png','2024-12-17 18:53:13'),(920,'Lokix','bug','dark','https://raw.githubusercontent.com/PokeAPI/sprites/master/sprites/pokemon/920.png','https://raw.githubusercontent.com/PokeAPI/sprites/master/sprites/pokemon/shiny/920.png','2024-12-17 18:53:13'),(921,'Pawmi','electric',NULL,'https://raw.githubusercontent.com/PokeAPI/sprites/master/sprites/pokemon/921.png','https://raw.githubusercontent.com/PokeAPI/sprites/master/sprites/pokemon/shiny/921.png','2024-12-17 18:53:13'),(922,'Pawmo','electric','fighting','https://raw.githubusercontent.com/PokeAPI/sprites/master/sprites/pokemon/922.png','https://raw.githubusercontent.com/PokeAPI/sprites/master/sprites/pokemon/shiny/922.png','2024-12-17 18:53:13'),(923,'Pawmot','electric','fighting','https://raw.githubusercontent.com/PokeAPI/sprites/master/sprites/pokemon/923.png','https://raw.githubusercontent.com/PokeAPI/sprites/master/sprites/pokemon/shiny/923.png','2024-12-17 18:53:13'),(924,'Tandemaus','normal',NULL,'https://raw.githubusercontent.com/PokeAPI/sprites/master/sprites/pokemon/924.png','https://raw.githubusercontent.com/PokeAPI/sprites/master/sprites/pokemon/shiny/924.png','2024-12-17 18:53:13'),(925,'Maushold Family Of Four','normal',NULL,'https://raw.githubusercontent.com/PokeAPI/sprites/master/sprites/pokemon/925.png','https://raw.githubusercontent.com/PokeAPI/sprites/master/sprites/pokemon/shiny/925.png','2024-12-17 18:53:13'),(926,'Fidough','fairy',NULL,'https://raw.githubusercontent.com/PokeAPI/sprites/master/sprites/pokemon/926.png','https://raw.githubusercontent.com/PokeAPI/sprites/master/sprites/pokemon/shiny/926.png','2024-12-17 18:53:13'),(927,'Dachsbun','fairy',NULL,'https://raw.githubusercontent.com/PokeAPI/sprites/master/sprites/pokemon/927.png','https://raw.githubusercontent.com/PokeAPI/sprites/master/sprites/pokemon/shiny/927.png','2024-12-17 18:53:13'),(928,'Smoliv','grass','normal','https://raw.githubusercontent.com/PokeAPI/sprites/master/sprites/pokemon/928.png','https://raw.githubusercontent.com/PokeAPI/sprites/master/sprites/pokemon/shiny/928.png','2024-12-17 18:53:13'),(929,'Dolliv','grass','normal','https://raw.githubusercontent.com/PokeAPI/sprites/master/sprites/pokemon/929.png','https://raw.githubusercontent.com/PokeAPI/sprites/master/sprites/pokemon/shiny/929.png','2024-12-17 18:53:13'),(930,'Arboliva','grass','normal','https://raw.githubusercontent.com/PokeAPI/sprites/master/sprites/pokemon/930.png','https://raw.githubusercontent.com/PokeAPI/sprites/master/sprites/pokemon/shiny/930.png','2024-12-17 18:53:13'),(931,'Squawkabilly Green Plumage','normal','flying','https://raw.githubusercontent.com/PokeAPI/sprites/master/sprites/pokemon/931.png','https://raw.githubusercontent.com/PokeAPI/sprites/master/sprites/pokemon/shiny/931.png','2024-12-17 18:53:13'),(932,'Nacli','rock',NULL,'https://raw.githubusercontent.com/PokeAPI/sprites/master/sprites/pokemon/932.png','https://raw.githubusercontent.com/PokeAPI/sprites/master/sprites/pokemon/shiny/932.png','2024-12-17 18:53:13'),(933,'Naclstack','rock',NULL,'https://raw.githubusercontent.com/PokeAPI/sprites/master/sprites/pokemon/933.png','https://raw.githubusercontent.com/PokeAPI/sprites/master/sprites/pokemon/shiny/933.png','2024-12-17 18:53:13'),(934,'Garganacl','rock',NULL,'https://raw.githubusercontent.com/PokeAPI/sprites/master/sprites/pokemon/934.png','https://raw.githubusercontent.com/PokeAPI/sprites/master/sprites/pokemon/shiny/934.png','2024-12-17 18:53:13'),(935,'Charcadet','fire',NULL,'https://raw.githubusercontent.com/PokeAPI/sprites/master/sprites/pokemon/935.png','https://raw.githubusercontent.com/PokeAPI/sprites/master/sprites/pokemon/shiny/935.png','2024-12-17 18:53:13'),(936,'Armarouge','fire','psychic','https://raw.githubusercontent.com/PokeAPI/sprites/master/sprites/pokemon/936.png','https://raw.githubusercontent.com/PokeAPI/sprites/master/sprites/pokemon/shiny/936.png','2024-12-17 18:53:13'),(937,'Ceruledge','fire','ghost','https://raw.githubusercontent.com/PokeAPI/sprites/master/sprites/pokemon/937.png','https://raw.githubusercontent.com/PokeAPI/sprites/master/sprites/pokemon/shiny/937.png','2024-12-17 18:53:13'),(938,'Tadbulb','electric',NULL,'https://raw.githubusercontent.com/PokeAPI/sprites/master/sprites/pokemon/938.png','https://raw.githubusercontent.com/PokeAPI/sprites/master/sprites/pokemon/shiny/938.png','2024-12-17 18:53:13'),(939,'Bellibolt','electric',NULL,'https://raw.githubusercontent.com/PokeAPI/sprites/master/sprites/pokemon/939.png','https://raw.githubusercontent.com/PokeAPI/sprites/master/sprites/pokemon/shiny/939.png','2024-12-17 18:53:13'),(940,'Wattrel','electric','flying','https://raw.githubusercontent.com/PokeAPI/sprites/master/sprites/pokemon/940.png','https://raw.githubusercontent.com/PokeAPI/sprites/master/sprites/pokemon/shiny/940.png','2024-12-17 18:53:13'),(941,'Kilowattrel','electric','flying','https://raw.githubusercontent.com/PokeAPI/sprites/master/sprites/pokemon/941.png','https://raw.githubusercontent.com/PokeAPI/sprites/master/sprites/pokemon/shiny/941.png','2024-12-17 18:53:13'),(942,'Maschiff','dark',NULL,'https://raw.githubusercontent.com/PokeAPI/sprites/master/sprites/pokemon/942.png','https://raw.githubusercontent.com/PokeAPI/sprites/master/sprites/pokemon/shiny/942.png','2024-12-17 18:53:13'),(943,'Mabosstiff','dark',NULL,'https://raw.githubusercontent.com/PokeAPI/sprites/master/sprites/pokemon/943.png','https://raw.githubusercontent.com/PokeAPI/sprites/master/sprites/pokemon/shiny/943.png','2024-12-17 18:53:13'),(944,'Shroodle','poison','normal','https://raw.githubusercontent.com/PokeAPI/sprites/master/sprites/pokemon/944.png','https://raw.githubusercontent.com/PokeAPI/sprites/master/sprites/pokemon/shiny/944.png','2024-12-17 18:53:13'),(945,'Grafaiai','poison','normal','https://raw.githubusercontent.com/PokeAPI/sprites/master/sprites/pokemon/945.png','https://raw.githubusercontent.com/PokeAPI/sprites/master/sprites/pokemon/shiny/945.png','2024-12-17 18:53:13'),(946,'Bramblin','grass','ghost','https://raw.githubusercontent.com/PokeAPI/sprites/master/sprites/pokemon/946.png','https://raw.githubusercontent.com/PokeAPI/sprites/master/sprites/pokemon/shiny/946.png','2024-12-17 18:53:13'),(947,'Brambleghast','grass','ghost','https://raw.githubusercontent.com/PokeAPI/sprites/master/sprites/pokemon/947.png','https://raw.githubusercontent.com/PokeAPI/sprites/master/sprites/pokemon/shiny/947.png','2024-12-17 18:53:13'),(948,'Toedscool','ground','grass','https://raw.githubusercontent.com/PokeAPI/sprites/master/sprites/pokemon/948.png','https://raw.githubusercontent.com/PokeAPI/sprites/master/sprites/pokemon/shiny/948.png','2024-12-17 18:53:13'),(949,'Toedscruel','ground','grass','https://raw.githubusercontent.com/PokeAPI/sprites/master/sprites/pokemon/949.png','https://raw.githubusercontent.com/PokeAPI/sprites/master/sprites/pokemon/shiny/949.png','2024-12-17 18:53:13'),(950,'Klawf','rock',NULL,'https://raw.githubusercontent.com/PokeAPI/sprites/master/sprites/pokemon/950.png','https://raw.githubusercontent.com/PokeAPI/sprites/master/sprites/pokemon/shiny/950.png','2024-12-17 18:53:13'),(951,'Capsakid','grass',NULL,'https://raw.githubusercontent.com/PokeAPI/sprites/master/sprites/pokemon/951.png','https://raw.githubusercontent.com/PokeAPI/sprites/master/sprites/pokemon/shiny/951.png','2024-12-17 18:53:13'),(952,'Scovillain','grass','fire','https://raw.githubusercontent.com/PokeAPI/sprites/master/sprites/pokemon/952.png','https://raw.githubusercontent.com/PokeAPI/sprites/master/sprites/pokemon/shiny/952.png','2024-12-17 18:53:13'),(953,'Rellor','bug',NULL,'https://raw.githubusercontent.com/PokeAPI/sprites/master/sprites/pokemon/953.png','https://raw.githubusercontent.com/PokeAPI/sprites/master/sprites/pokemon/shiny/953.png','2024-12-17 18:53:13'),(954,'Rabsca','bug','psychic','https://raw.githubusercontent.com/PokeAPI/sprites/master/sprites/pokemon/954.png','https://raw.githubusercontent.com/PokeAPI/sprites/master/sprites/pokemon/shiny/954.png','2024-12-17 18:53:13'),(955,'Flittle','psychic',NULL,'https://raw.githubusercontent.com/PokeAPI/sprites/master/sprites/pokemon/955.png','https://raw.githubusercontent.com/PokeAPI/sprites/master/sprites/pokemon/shiny/955.png','2024-12-17 18:53:13'),(956,'Espathra','psychic',NULL,'https://raw.githubusercontent.com/PokeAPI/sprites/master/sprites/pokemon/956.png','https://raw.githubusercontent.com/PokeAPI/sprites/master/sprites/pokemon/shiny/956.png','2024-12-17 18:53:13'),(957,'Tinkatink','fairy','steel','https://raw.githubusercontent.com/PokeAPI/sprites/master/sprites/pokemon/957.png','https://raw.githubusercontent.com/PokeAPI/sprites/master/sprites/pokemon/shiny/957.png','2024-12-17 18:53:13'),(958,'Tinkatuff','fairy','steel','https://raw.githubusercontent.com/PokeAPI/sprites/master/sprites/pokemon/958.png','https://raw.githubusercontent.com/PokeAPI/sprites/master/sprites/pokemon/shiny/958.png','2024-12-17 18:53:13'),(959,'Tinkaton','fairy','steel','https://raw.githubusercontent.com/PokeAPI/sprites/master/sprites/pokemon/959.png','https://raw.githubusercontent.com/PokeAPI/sprites/master/sprites/pokemon/shiny/959.png','2024-12-17 18:53:13'),(960,'Wiglett','water',NULL,'https://raw.githubusercontent.com/PokeAPI/sprites/master/sprites/pokemon/960.png','https://raw.githubusercontent.com/PokeAPI/sprites/master/sprites/pokemon/shiny/960.png','2024-12-17 18:53:13'),(961,'Wugtrio','water',NULL,'https://raw.githubusercontent.com/PokeAPI/sprites/master/sprites/pokemon/961.png','https://raw.githubusercontent.com/PokeAPI/sprites/master/sprites/pokemon/shiny/961.png','2024-12-17 18:53:13'),(962,'Bombirdier','flying','dark','https://raw.githubusercontent.com/PokeAPI/sprites/master/sprites/pokemon/962.png','https://raw.githubusercontent.com/PokeAPI/sprites/master/sprites/pokemon/shiny/962.png','2024-12-17 18:53:13'),(963,'Finizen','water',NULL,'https://raw.githubusercontent.com/PokeAPI/sprites/master/sprites/pokemon/963.png','https://raw.githubusercontent.com/PokeAPI/sprites/master/sprites/pokemon/shiny/963.png','2024-12-17 18:53:13'),(964,'Palafin Zero','water',NULL,'https://raw.githubusercontent.com/PokeAPI/sprites/master/sprites/pokemon/964.png','https://raw.githubusercontent.com/PokeAPI/sprites/master/sprites/pokemon/shiny/964.png','2024-12-17 18:53:13'),(965,'Varoom','steel','poison','https://raw.githubusercontent.com/PokeAPI/sprites/master/sprites/pokemon/965.png','https://raw.githubusercontent.com/PokeAPI/sprites/master/sprites/pokemon/shiny/965.png','2024-12-17 18:53:13'),(966,'Revavroom','steel','poison','https://raw.githubusercontent.com/PokeAPI/sprites/master/sprites/pokemon/966.png','https://raw.githubusercontent.com/PokeAPI/sprites/master/sprites/pokemon/shiny/966.png','2024-12-17 18:53:13'),(967,'Cyclizar','dragon','normal','https://raw.githubusercontent.com/PokeAPI/sprites/master/sprites/pokemon/967.png','https://raw.githubusercontent.com/PokeAPI/sprites/master/sprites/pokemon/shiny/967.png','2024-12-17 18:53:13'),(968,'Orthworm','steel',NULL,'https://raw.githubusercontent.com/PokeAPI/sprites/master/sprites/pokemon/968.png','https://raw.githubusercontent.com/PokeAPI/sprites/master/sprites/pokemon/shiny/968.png','2024-12-17 18:53:13'),(969,'Glimmet','rock','poison','https://raw.githubusercontent.com/PokeAPI/sprites/master/sprites/pokemon/969.png','https://raw.githubusercontent.com/PokeAPI/sprites/master/sprites/pokemon/shiny/969.png','2024-12-17 18:53:13'),(970,'Glimmora','rock','poison','https://raw.githubusercontent.com/PokeAPI/sprites/master/sprites/pokemon/970.png','https://raw.githubusercontent.com/PokeAPI/sprites/master/sprites/pokemon/shiny/970.png','2024-12-17 18:53:13'),(971,'Greavard','ghost',NULL,'https://raw.githubusercontent.com/PokeAPI/sprites/master/sprites/pokemon/971.png','https://raw.githubusercontent.com/PokeAPI/sprites/master/sprites/pokemon/shiny/971.png','2024-12-17 18:53:13'),(972,'Houndstone','ghost',NULL,'https://raw.githubusercontent.com/PokeAPI/sprites/master/sprites/pokemon/972.png','https://raw.githubusercontent.com/PokeAPI/sprites/master/sprites/pokemon/shiny/972.png','2024-12-17 18:53:13'),(973,'Flamigo','flying','fighting','https://raw.githubusercontent.com/PokeAPI/sprites/master/sprites/pokemon/973.png','https://raw.githubusercontent.com/PokeAPI/sprites/master/sprites/pokemon/shiny/973.png','2024-12-17 18:53:13'),(974,'Cetoddle','ice',NULL,'https://raw.githubusercontent.com/PokeAPI/sprites/master/sprites/pokemon/974.png','https://raw.githubusercontent.com/PokeAPI/sprites/master/sprites/pokemon/shiny/974.png','2024-12-17 18:53:13'),(975,'Cetitan','ice',NULL,'https://raw.githubusercontent.com/PokeAPI/sprites/master/sprites/pokemon/975.png','https://raw.githubusercontent.com/PokeAPI/sprites/master/sprites/pokemon/shiny/975.png','2024-12-17 18:53:13'),(976,'Veluza','water','psychic','https://raw.githubusercontent.com/PokeAPI/sprites/master/sprites/pokemon/976.png','https://raw.githubusercontent.com/PokeAPI/sprites/master/sprites/pokemon/shiny/976.png','2024-12-17 18:53:13'),(977,'Dondozo','water',NULL,'https://raw.githubusercontent.com/PokeAPI/sprites/master/sprites/pokemon/977.png','https://raw.githubusercontent.com/PokeAPI/sprites/master/sprites/pokemon/shiny/977.png','2024-12-17 18:53:13'),(978,'Tatsugiri Curly','dragon','water','https://raw.githubusercontent.com/PokeAPI/sprites/master/sprites/pokemon/978.png','https://raw.githubusercontent.com/PokeAPI/sprites/master/sprites/pokemon/shiny/978.png','2024-12-17 18:53:13'),(979,'Annihilape','fighting','ghost','https://raw.githubusercontent.com/PokeAPI/sprites/master/sprites/pokemon/979.png','https://raw.githubusercontent.com/PokeAPI/sprites/master/sprites/pokemon/shiny/979.png','2024-12-17 18:53:13'),(980,'Clodsire','poison','ground','https://raw.githubusercontent.com/PokeAPI/sprites/master/sprites/pokemon/980.png','https://raw.githubusercontent.com/PokeAPI/sprites/master/sprites/pokemon/shiny/980.png','2024-12-17 18:53:13'),(981,'Farigiraf','normal','psychic','https://raw.githubusercontent.com/PokeAPI/sprites/master/sprites/pokemon/981.png','https://raw.githubusercontent.com/PokeAPI/sprites/master/sprites/pokemon/shiny/981.png','2024-12-17 18:53:13'),(982,'Dudunsparce Two Segment','normal',NULL,'https://raw.githubusercontent.com/PokeAPI/sprites/master/sprites/pokemon/982.png','https://raw.githubusercontent.com/PokeAPI/sprites/master/sprites/pokemon/shiny/982.png','2024-12-17 18:53:13'),(983,'Kingambit','dark','steel','https://raw.githubusercontent.com/PokeAPI/sprites/master/sprites/pokemon/983.png','https://raw.githubusercontent.com/PokeAPI/sprites/master/sprites/pokemon/shiny/983.png','2024-12-17 18:53:13'),(984,'Great Tusk','ground','fighting','https://raw.githubusercontent.com/PokeAPI/sprites/master/sprites/pokemon/984.png','https://raw.githubusercontent.com/PokeAPI/sprites/master/sprites/pokemon/shiny/984.png','2024-12-17 18:53:13'),(985,'Scream Tail','fairy','psychic','https://raw.githubusercontent.com/PokeAPI/sprites/master/sprites/pokemon/985.png','https://raw.githubusercontent.com/PokeAPI/sprites/master/sprites/pokemon/shiny/985.png','2024-12-17 18:53:13'),(986,'Brute Bonnet','grass','dark','https://raw.githubusercontent.com/PokeAPI/sprites/master/sprites/pokemon/986.png','https://raw.githubusercontent.com/PokeAPI/sprites/master/sprites/pokemon/shiny/986.png','2024-12-17 18:53:13'),(987,'Flutter Mane','ghost','fairy','https://raw.githubusercontent.com/PokeAPI/sprites/master/sprites/pokemon/987.png','https://raw.githubusercontent.com/PokeAPI/sprites/master/sprites/pokemon/shiny/987.png','2024-12-17 18:53:13'),(988,'Slither Wing','bug','fighting','https://raw.githubusercontent.com/PokeAPI/sprites/master/sprites/pokemon/988.png','https://raw.githubusercontent.com/PokeAPI/sprites/master/sprites/pokemon/shiny/988.png','2024-12-17 18:53:13'),(989,'Sandy Shocks','electric','ground','https://raw.githubusercontent.com/PokeAPI/sprites/master/sprites/pokemon/989.png','https://raw.githubusercontent.com/PokeAPI/sprites/master/sprites/pokemon/shiny/989.png','2024-12-17 18:53:13'),(990,'Iron Treads','ground','steel','https://raw.githubusercontent.com/PokeAPI/sprites/master/sprites/pokemon/990.png','https://raw.githubusercontent.com/PokeAPI/sprites/master/sprites/pokemon/shiny/990.png','2024-12-17 18:53:13'),(991,'Iron Bundle','ice','water','https://raw.githubusercontent.com/PokeAPI/sprites/master/sprites/pokemon/991.png','https://raw.githubusercontent.com/PokeAPI/sprites/master/sprites/pokemon/shiny/991.png','2024-12-17 18:53:13'),(992,'Iron Hands','fighting','electric','https://raw.githubusercontent.com/PokeAPI/sprites/master/sprites/pokemon/992.png','https://raw.githubusercontent.com/PokeAPI/sprites/master/sprites/pokemon/shiny/992.png','2024-12-17 18:53:13'),(993,'Iron Jugulis','dark','flying','https://raw.githubusercontent.com/PokeAPI/sprites/master/sprites/pokemon/993.png','https://raw.githubusercontent.com/PokeAPI/sprites/master/sprites/pokemon/shiny/993.png','2024-12-17 18:53:13'),(994,'Iron Moth','fire','poison','https://raw.githubusercontent.com/PokeAPI/sprites/master/sprites/pokemon/994.png','https://raw.githubusercontent.com/PokeAPI/sprites/master/sprites/pokemon/shiny/994.png','2024-12-17 18:53:13'),(995,'Iron Thorns','rock','electric','https://raw.githubusercontent.com/PokeAPI/sprites/master/sprites/pokemon/995.png','https://raw.githubusercontent.com/PokeAPI/sprites/master/sprites/pokemon/shiny/995.png','2024-12-17 18:53:13'),(996,'Frigibax','dragon','ice','https://raw.githubusercontent.com/PokeAPI/sprites/master/sprites/pokemon/996.png','https://raw.githubusercontent.com/PokeAPI/sprites/master/sprites/pokemon/shiny/996.png','2024-12-17 18:53:13'),(997,'Arctibax','dragon','ice','https://raw.githubusercontent.com/PokeAPI/sprites/master/sprites/pokemon/997.png','https://raw.githubusercontent.com/PokeAPI/sprites/master/sprites/pokemon/shiny/997.png','2024-12-17 18:53:13'),(998,'Baxcalibur','dragon','ice','https://raw.githubusercontent.com/PokeAPI/sprites/master/sprites/pokemon/998.png','https://raw.githubusercontent.com/PokeAPI/sprites/master/sprites/pokemon/shiny/998.png','2024-12-17 18:53:13'),(999,'Gimmighoul','ghost',NULL,'https://raw.githubusercontent.com/PokeAPI/sprites/master/sprites/pokemon/999.png','https://raw.githubusercontent.com/PokeAPI/sprites/master/sprites/pokemon/shiny/999.png','2024-12-17 18:53:13'),(1000,'Gholdengo','steel','ghost','https://raw.githubusercontent.com/PokeAPI/sprites/master/sprites/pokemon/1000.png','https://raw.githubusercontent.com/PokeAPI/sprites/master/sprites/pokemon/shiny/1000.png','2024-12-17 18:53:13'),(1001,'Wo Chien','dark','grass','https://raw.githubusercontent.com/PokeAPI/sprites/master/sprites/pokemon/1001.png','https://raw.githubusercontent.com/PokeAPI/sprites/master/sprites/pokemon/shiny/1001.png','2024-12-17 18:53:13'),(1002,'Chien Pao','dark','ice','https://raw.githubusercontent.com/PokeAPI/sprites/master/sprites/pokemon/1002.png','https://raw.githubusercontent.com/PokeAPI/sprites/master/sprites/pokemon/shiny/1002.png','2024-12-17 18:53:13'),(1003,'Ting Lu','dark','ground','https://raw.githubusercontent.com/PokeAPI/sprites/master/sprites/pokemon/1003.png','https://raw.githubusercontent.com/PokeAPI/sprites/master/sprites/pokemon/shiny/1003.png','2024-12-17 18:53:13'),(1004,'Chi Yu','dark','fire','https://raw.githubusercontent.com/PokeAPI/sprites/master/sprites/pokemon/1004.png','https://raw.githubusercontent.com/PokeAPI/sprites/master/sprites/pokemon/shiny/1004.png','2024-12-17 18:53:13'),(1005,'Roaring Moon','dragon','dark','https://raw.githubusercontent.com/PokeAPI/sprites/master/sprites/pokemon/1005.png','https://raw.githubusercontent.com/PokeAPI/sprites/master/sprites/pokemon/shiny/1005.png','2024-12-17 18:53:13'),(1006,'Iron Valiant','fairy','fighting','https://raw.githubusercontent.com/PokeAPI/sprites/master/sprites/pokemon/1006.png','https://raw.githubusercontent.com/PokeAPI/sprites/master/sprites/pokemon/shiny/1006.png','2024-12-17 18:53:13'),(1007,'Koraidon','fighting','dragon','https://raw.githubusercontent.com/PokeAPI/sprites/master/sprites/pokemon/1007.png','https://raw.githubusercontent.com/PokeAPI/sprites/master/sprites/pokemon/shiny/1007.png','2024-12-17 18:53:13'),(1008,'Miraidon','electric','dragon','https://raw.githubusercontent.com/PokeAPI/sprites/master/sprites/pokemon/1008.png','https://raw.githubusercontent.com/PokeAPI/sprites/master/sprites/pokemon/shiny/1008.png','2024-12-17 18:53:13'),(1009,'Walking Wake','water','dragon','https://raw.githubusercontent.com/PokeAPI/sprites/master/sprites/pokemon/1009.png','https://raw.githubusercontent.com/PokeAPI/sprites/master/sprites/pokemon/shiny/1009.png','2024-12-17 18:53:13'),(1010,'Iron Leaves','grass','psychic','https://raw.githubusercontent.com/PokeAPI/sprites/master/sprites/pokemon/1010.png','https://raw.githubusercontent.com/PokeAPI/sprites/master/sprites/pokemon/shiny/1010.png','2024-12-17 18:53:13'),(1011,'Dipplin','grass','dragon','https://raw.githubusercontent.com/PokeAPI/sprites/master/sprites/pokemon/1011.png','https://raw.githubusercontent.com/PokeAPI/sprites/master/sprites/pokemon/shiny/1011.png','2024-12-17 18:53:13'),(1012,'Poltchageist','grass','ghost','https://raw.githubusercontent.com/PokeAPI/sprites/master/sprites/pokemon/1012.png','https://raw.githubusercontent.com/PokeAPI/sprites/master/sprites/pokemon/shiny/1012.png','2024-12-17 18:53:13'),(1013,'Sinistcha','grass','ghost','https://raw.githubusercontent.com/PokeAPI/sprites/master/sprites/pokemon/1013.png','https://raw.githubusercontent.com/PokeAPI/sprites/master/sprites/pokemon/shiny/1013.png','2024-12-17 18:53:13'),(1014,'Okidogi','poison','fighting','https://raw.githubusercontent.com/PokeAPI/sprites/master/sprites/pokemon/1014.png','https://raw.githubusercontent.com/PokeAPI/sprites/master/sprites/pokemon/shiny/1014.png','2024-12-17 18:53:13'),(1015,'Munkidori','poison','psychic','https://raw.githubusercontent.com/PokeAPI/sprites/master/sprites/pokemon/1015.png','https://raw.githubusercontent.com/PokeAPI/sprites/master/sprites/pokemon/shiny/1015.png','2024-12-17 18:53:13'),(1016,'Fezandipiti','poison','fairy','https://raw.githubusercontent.com/PokeAPI/sprites/master/sprites/pokemon/1016.png','https://raw.githubusercontent.com/PokeAPI/sprites/master/sprites/pokemon/shiny/1016.png','2024-12-17 18:53:13'),(1017,'Ogerpon','grass',NULL,'https://raw.githubusercontent.com/PokeAPI/sprites/master/sprites/pokemon/1017.png','https://raw.githubusercontent.com/PokeAPI/sprites/master/sprites/pokemon/shiny/1017.png','2024-12-17 18:53:13'),(1018,'Archaludon','steel','dragon','https://raw.githubusercontent.com/PokeAPI/sprites/master/sprites/pokemon/1018.png','https://raw.githubusercontent.com/PokeAPI/sprites/master/sprites/pokemon/shiny/1018.png','2024-12-17 18:53:13'),(1019,'Hydrapple','grass','dragon','https://raw.githubusercontent.com/PokeAPI/sprites/master/sprites/pokemon/1019.png','https://raw.githubusercontent.com/PokeAPI/sprites/master/sprites/pokemon/shiny/1019.png','2024-12-17 18:53:13'),(1020,'Gouging Fire','fire','dragon','https://raw.githubusercontent.com/PokeAPI/sprites/master/sprites/pokemon/1020.png','https://raw.githubusercontent.com/PokeAPI/sprites/master/sprites/pokemon/shiny/1020.png','2024-12-17 18:53:13'),(1021,'Raging Bolt','electric','dragon','https://raw.githubusercontent.com/PokeAPI/sprites/master/sprites/pokemon/1021.png','https://raw.githubusercontent.com/PokeAPI/sprites/master/sprites/pokemon/shiny/1021.png','2024-12-17 18:53:13'),(1022,'Iron Boulder','rock','psychic','https://raw.githubusercontent.com/PokeAPI/sprites/master/sprites/pokemon/1022.png','https://raw.githubusercontent.com/PokeAPI/sprites/master/sprites/pokemon/shiny/1022.png','2024-12-17 18:53:13'),(1023,'Iron Crown','steel','psychic','https://raw.githubusercontent.com/PokeAPI/sprites/master/sprites/pokemon/1023.png','https://raw.githubusercontent.com/PokeAPI/sprites/master/sprites/pokemon/shiny/1023.png','2024-12-17 18:53:13'),(1024,'Terapagos','normal',NULL,'https://raw.githubusercontent.com/PokeAPI/sprites/master/sprites/pokemon/1024.png','https://raw.githubusercontent.com/PokeAPI/sprites/master/sprites/pokemon/shiny/1024.png','2024-12-17 18:53:13'),(1025,'Pecharunt','poison','ghost','https://raw.githubusercontent.com/PokeAPI/sprites/master/sprites/pokemon/1025.png','https://raw.githubusercontent.com/PokeAPI/sprites/master/sprites/pokemon/shiny/1025.png','2024-12-17 18:53:13'),(10001,'Deoxys Attack','psychic',NULL,'https://raw.githubusercontent.com/PokeAPI/sprites/master/sprites/pokemon/10001.png','https://raw.githubusercontent.com/PokeAPI/sprites/master/sprites/pokemon/shiny/386-attack.png','2024-12-17 18:53:13'),(10002,'Deoxys Defense','psychic',NULL,'https://raw.githubusercontent.com/PokeAPI/sprites/master/sprites/pokemon/10002.png','https://raw.githubusercontent.com/PokeAPI/sprites/master/sprites/pokemon/shiny/386-defense.png','2024-12-17 18:53:13'),(10003,'Deoxys Speed','psychic',NULL,'https://raw.githubusercontent.com/PokeAPI/sprites/master/sprites/pokemon/10003.png','https://raw.githubusercontent.com/PokeAPI/sprites/master/sprites/pokemon/shiny/386-speed.png','2024-12-17 18:53:13'),(10004,'Wormadam Sandy','bug','ground','https://raw.githubusercontent.com/PokeAPI/sprites/master/sprites/pokemon/10004.png','https://raw.githubusercontent.com/PokeAPI/sprites/master/sprites/pokemon/shiny/413-sandy.png','2024-12-17 18:53:13'),(10005,'Wormadam Trash','bug','steel','https://raw.githubusercontent.com/PokeAPI/sprites/master/sprites/pokemon/10005.png','https://raw.githubusercontent.com/PokeAPI/sprites/master/sprites/pokemon/shiny/413-trash.png','2024-12-17 18:53:13'),(10006,'Shaymin Sky','grass','flying','https://raw.githubusercontent.com/PokeAPI/sprites/master/sprites/pokemon/10006.png','https://raw.githubusercontent.com/PokeAPI/sprites/master/sprites/pokemon/shiny/492-sky.png','2024-12-17 18:53:13'),(10007,'Giratina Origin','ghost','dragon','https://raw.githubusercontent.com/PokeAPI/sprites/master/sprites/pokemon/10007.png','https://raw.githubusercontent.com/PokeAPI/sprites/master/sprites/pokemon/shiny/487-origin.png','2024-12-17 18:53:13'),(10008,'Rotom Heat','electric','fire','https://raw.githubusercontent.com/PokeAPI/sprites/master/sprites/pokemon/10008.png','https://raw.githubusercontent.com/PokeAPI/sprites/master/sprites/pokemon/shiny/479-heat.png','2024-12-17 18:53:13'),(10009,'Rotom Wash','electric','water','https://raw.githubusercontent.com/PokeAPI/sprites/master/sprites/pokemon/10009.png','https://raw.githubusercontent.com/PokeAPI/sprites/master/sprites/pokemon/shiny/479-wash.png','2024-12-17 18:53:13'),(10010,'Rotom Frost','electric','ice','https://raw.githubusercontent.com/PokeAPI/sprites/master/sprites/pokemon/10010.png','https://raw.githubusercontent.com/PokeAPI/sprites/master/sprites/pokemon/shiny/479-frost.png','2024-12-17 18:53:13'),(10011,'Rotom Fan','electric','flying','https://raw.githubusercontent.com/PokeAPI/sprites/master/sprites/pokemon/10011.png','https://raw.githubusercontent.com/PokeAPI/sprites/master/sprites/pokemon/shiny/479-fan.png','2024-12-17 18:53:13'),(10012,'Rotom Mow','electric','grass','https://raw.githubusercontent.com/PokeAPI/sprites/master/sprites/pokemon/10012.png','https://raw.githubusercontent.com/PokeAPI/sprites/master/sprites/pokemon/shiny/479-mow.png','2024-12-17 18:53:13'),(10013,'Castform Sunny','fire',NULL,'https://raw.githubusercontent.com/PokeAPI/sprites/master/sprites/pokemon/10013.png','https://raw.githubusercontent.com/PokeAPI/sprites/master/sprites/pokemon/shiny/10013.png','2024-12-17 18:53:13'),(10014,'Castform Rainy','water',NULL,'https://raw.githubusercontent.com/PokeAPI/sprites/master/sprites/pokemon/10014.png','https://raw.githubusercontent.com/PokeAPI/sprites/master/sprites/pokemon/shiny/10014.png','2024-12-17 18:53:13'),(10015,'Castform Snowy','ice',NULL,'https://raw.githubusercontent.com/PokeAPI/sprites/master/sprites/pokemon/10015.png','https://raw.githubusercontent.com/PokeAPI/sprites/master/sprites/pokemon/shiny/10015.png','2024-12-17 18:53:13'),(10016,'Basculin Blue Striped','water',NULL,'https://raw.githubusercontent.com/PokeAPI/sprites/master/sprites/pokemon/10016.png','https://raw.githubusercontent.com/PokeAPI/sprites/master/sprites/pokemon/shiny/550-blue-striped.png','2024-12-17 18:53:13'),(10017,'Darmanitan Zen','fire','psychic','https://raw.githubusercontent.com/PokeAPI/sprites/master/sprites/pokemon/10017.png','https://raw.githubusercontent.com/PokeAPI/sprites/master/sprites/pokemon/shiny/555-zen.png','2024-12-17 18:53:13'),(10018,'Meloetta Pirouette','normal','fighting','https://raw.githubusercontent.com/PokeAPI/sprites/master/sprites/pokemon/10018.png','https://raw.githubusercontent.com/PokeAPI/sprites/master/sprites/pokemon/shiny/648-pirouette.png','2024-12-17 18:53:13'),(10019,'Tornadus Therian','flying',NULL,'https://raw.githubusercontent.com/PokeAPI/sprites/master/sprites/pokemon/10019.png','https://raw.githubusercontent.com/PokeAPI/sprites/master/sprites/pokemon/shiny/641-therian.png','2024-12-17 18:53:13'),(10020,'Thundurus Therian','electric','flying','https://raw.githubusercontent.com/PokeAPI/sprites/master/sprites/pokemon/10020.png','https://raw.githubusercontent.com/PokeAPI/sprites/master/sprites/pokemon/shiny/642-therian.png','2024-12-17 18:53:13'),(10021,'Landorus Therian','ground','flying','https://raw.githubusercontent.com/PokeAPI/sprites/master/sprites/pokemon/10021.png','https://raw.githubusercontent.com/PokeAPI/sprites/master/sprites/pokemon/shiny/645-therian.png','2024-12-17 18:53:13'),(10022,'Kyurem Black','dragon','ice','https://raw.githubusercontent.com/PokeAPI/sprites/master/sprites/pokemon/10022.png','https://raw.githubusercontent.com/PokeAPI/sprites/master/sprites/pokemon/shiny/646-black.png','2024-12-17 18:53:13'),(10023,'Kyurem White','dragon','ice','https://raw.githubusercontent.com/PokeAPI/sprites/master/sprites/pokemon/10023.png','https://raw.githubusercontent.com/PokeAPI/sprites/master/sprites/pokemon/shiny/646-white.png','2024-12-17 18:53:13'),(10024,'Keldeo Resolute','water','fighting','https://raw.githubusercontent.com/PokeAPI/sprites/master/sprites/pokemon/10024.png','https://raw.githubusercontent.com/PokeAPI/sprites/master/sprites/pokemon/shiny/647-resolute.png','2024-12-17 18:53:13'),(10025,'Meowstic Female','psychic',NULL,'https://raw.githubusercontent.com/PokeAPI/sprites/master/sprites/pokemon/10025.png','https://raw.githubusercontent.com/PokeAPI/sprites/master/sprites/pokemon/shiny/10025.png','2024-12-17 18:53:13'),(10026,'Aegislash Blade','steel','ghost','https://raw.githubusercontent.com/PokeAPI/sprites/master/sprites/pokemon/10026.png','https://raw.githubusercontent.com/PokeAPI/sprites/master/sprites/pokemon/shiny/10026.png','2024-12-17 18:53:13'),(10027,'Pumpkaboo Small','ghost','grass','https://raw.githubusercontent.com/PokeAPI/sprites/master/sprites/pokemon/10027.png','https://raw.githubusercontent.com/PokeAPI/sprites/master/sprites/pokemon/shiny/710-small.png','2024-12-17 18:53:13'),(10028,'Pumpkaboo Large','ghost','grass','https://raw.githubusercontent.com/PokeAPI/sprites/master/sprites/pokemon/10028.png','https://raw.githubusercontent.com/PokeAPI/sprites/master/sprites/pokemon/shiny/710-large.png','2024-12-17 18:53:13'),(10029,'Pumpkaboo Super','ghost','grass','https://raw.githubusercontent.com/PokeAPI/sprites/master/sprites/pokemon/10029.png','https://raw.githubusercontent.com/PokeAPI/sprites/master/sprites/pokemon/shiny/710-super.png','2024-12-17 18:53:13'),(10030,'Gourgeist Small','ghost','grass','https://raw.githubusercontent.com/PokeAPI/sprites/master/sprites/pokemon/10030.png','https://raw.githubusercontent.com/PokeAPI/sprites/master/sprites/pokemon/shiny/711-small.png','2024-12-17 18:53:13'),(10031,'Gourgeist Large','ghost','grass','https://raw.githubusercontent.com/PokeAPI/sprites/master/sprites/pokemon/10031.png','https://raw.githubusercontent.com/PokeAPI/sprites/master/sprites/pokemon/shiny/711-large.png','2024-12-17 18:53:13'),(10032,'Gourgeist Super','ghost','grass','https://raw.githubusercontent.com/PokeAPI/sprites/master/sprites/pokemon/10032.png','https://raw.githubusercontent.com/PokeAPI/sprites/master/sprites/pokemon/shiny/711-super.png','2024-12-17 18:53:13'),(10033,'Venusaur Mega','grass','poison','https://raw.githubusercontent.com/PokeAPI/sprites/master/sprites/pokemon/10033.png','https://raw.githubusercontent.com/PokeAPI/sprites/master/sprites/pokemon/shiny/10033.png','2024-12-17 18:53:13'),(10034,'Charizard Mega X','fire','dragon','https://raw.githubusercontent.com/PokeAPI/sprites/master/sprites/pokemon/10034.png','https://raw.githubusercontent.com/PokeAPI/sprites/master/sprites/pokemon/shiny/10034.png','2024-12-17 18:53:13'),(10035,'Charizard Mega Y','fire','flying','https://raw.githubusercontent.com/PokeAPI/sprites/master/sprites/pokemon/10035.png','https://raw.githubusercontent.com/PokeAPI/sprites/master/sprites/pokemon/shiny/10035.png','2024-12-17 18:53:13'),(10036,'Blastoise Mega','water',NULL,'https://raw.githubusercontent.com/PokeAPI/sprites/master/sprites/pokemon/10036.png','https://raw.githubusercontent.com/PokeAPI/sprites/master/sprites/pokemon/shiny/10036.png','2024-12-17 18:53:13'),(10037,'Alakazam Mega','psychic',NULL,'https://raw.githubusercontent.com/PokeAPI/sprites/master/sprites/pokemon/10037.png','https://raw.githubusercontent.com/PokeAPI/sprites/master/sprites/pokemon/shiny/10037.png','2024-12-17 18:53:13'),(10038,'Gengar Mega','ghost','poison','https://raw.githubusercontent.com/PokeAPI/sprites/master/sprites/pokemon/10038.png','https://raw.githubusercontent.com/PokeAPI/sprites/master/sprites/pokemon/shiny/10038.png','2024-12-17 18:53:13'),(10039,'Kangaskhan Mega','normal',NULL,'https://raw.githubusercontent.com/PokeAPI/sprites/master/sprites/pokemon/10039.png','https://raw.githubusercontent.com/PokeAPI/sprites/master/sprites/pokemon/shiny/10039.png','2024-12-17 18:53:13'),(10040,'Pinsir Mega','bug','flying','https://raw.githubusercontent.com/PokeAPI/sprites/master/sprites/pokemon/10040.png','https://raw.githubusercontent.com/PokeAPI/sprites/master/sprites/pokemon/shiny/10040.png','2024-12-17 18:53:13'),(10041,'Gyarados Mega','water','dark','https://raw.githubusercontent.com/PokeAPI/sprites/master/sprites/pokemon/10041.png','https://raw.githubusercontent.com/PokeAPI/sprites/master/sprites/pokemon/shiny/10041.png','2024-12-17 18:53:13'),(10042,'Aerodactyl Mega','rock','flying','https://raw.githubusercontent.com/PokeAPI/sprites/master/sprites/pokemon/10042.png','https://raw.githubusercontent.com/PokeAPI/sprites/master/sprites/pokemon/shiny/10042.png','2024-12-17 18:53:13'),(10043,'Mewtwo Mega X','psychic','fighting','https://raw.githubusercontent.com/PokeAPI/sprites/master/sprites/pokemon/10043.png','https://raw.githubusercontent.com/PokeAPI/sprites/master/sprites/pokemon/shiny/10043.png','2024-12-17 18:53:13'),(10044,'Mewtwo Mega Y','psychic',NULL,'https://raw.githubusercontent.com/PokeAPI/sprites/master/sprites/pokemon/10044.png','https://raw.githubusercontent.com/PokeAPI/sprites/master/sprites/pokemon/shiny/10044.png','2024-12-17 18:53:13'),(10045,'Ampharos Mega','electric','dragon','https://raw.githubusercontent.com/PokeAPI/sprites/master/sprites/pokemon/10045.png','https://raw.githubusercontent.com/PokeAPI/sprites/master/sprites/pokemon/shiny/10045.png','2024-12-17 18:53:13'),(10046,'Scizor Mega','bug','steel','https://raw.githubusercontent.com/PokeAPI/sprites/master/sprites/pokemon/10046.png','https://raw.githubusercontent.com/PokeAPI/sprites/master/sprites/pokemon/shiny/10046.png','2024-12-17 18:53:13'),(10047,'Heracross Mega','bug','fighting','https://raw.githubusercontent.com/PokeAPI/sprites/master/sprites/pokemon/10047.png','https://raw.githubusercontent.com/PokeAPI/sprites/master/sprites/pokemon/shiny/10047.png','2024-12-17 18:53:13'),(10048,'Houndoom Mega','dark','fire','https://raw.githubusercontent.com/PokeAPI/sprites/master/sprites/pokemon/10048.png','https://raw.githubusercontent.com/PokeAPI/sprites/master/sprites/pokemon/shiny/10048.png','2024-12-17 18:53:13'),(10049,'Tyranitar Mega','rock','dark','https://raw.githubusercontent.com/PokeAPI/sprites/master/sprites/pokemon/10049.png','https://raw.githubusercontent.com/PokeAPI/sprites/master/sprites/pokemon/shiny/10049.png','2024-12-17 18:53:13'),(10050,'Blaziken Mega','fire','fighting','https://raw.githubusercontent.com/PokeAPI/sprites/master/sprites/pokemon/10050.png','https://raw.githubusercontent.com/PokeAPI/sprites/master/sprites/pokemon/shiny/10050.png','2024-12-17 18:53:13'),(10051,'Gardevoir Mega','psychic','fairy','https://raw.githubusercontent.com/PokeAPI/sprites/master/sprites/pokemon/10051.png','https://raw.githubusercontent.com/PokeAPI/sprites/master/sprites/pokemon/shiny/10051.png','2024-12-17 18:53:13'),(10052,'Mawile Mega','steel','fairy','https://raw.githubusercontent.com/PokeAPI/sprites/master/sprites/pokemon/10052.png','https://raw.githubusercontent.com/PokeAPI/sprites/master/sprites/pokemon/shiny/10052.png','2024-12-17 18:53:13'),(10053,'Aggron Mega','steel',NULL,'https://raw.githubusercontent.com/PokeAPI/sprites/master/sprites/pokemon/10053.png','https://raw.githubusercontent.com/PokeAPI/sprites/master/sprites/pokemon/shiny/10053.png','2024-12-17 18:53:13'),(10054,'Medicham Mega','fighting','psychic','https://raw.githubusercontent.com/PokeAPI/sprites/master/sprites/pokemon/10054.png','https://raw.githubusercontent.com/PokeAPI/sprites/master/sprites/pokemon/shiny/10054.png','2024-12-17 18:53:13'),(10055,'Manectric Mega','electric',NULL,'https://raw.githubusercontent.com/PokeAPI/sprites/master/sprites/pokemon/10055.png','https://raw.githubusercontent.com/PokeAPI/sprites/master/sprites/pokemon/shiny/10055.png','2024-12-17 18:53:13'),(10056,'Banette Mega','ghost',NULL,'https://raw.githubusercontent.com/PokeAPI/sprites/master/sprites/pokemon/10056.png','https://raw.githubusercontent.com/PokeAPI/sprites/master/sprites/pokemon/shiny/10056.png','2024-12-17 18:53:13'),(10057,'Absol Mega','dark',NULL,'https://raw.githubusercontent.com/PokeAPI/sprites/master/sprites/pokemon/10057.png','https://raw.githubusercontent.com/PokeAPI/sprites/master/sprites/pokemon/shiny/10057.png','2024-12-17 18:53:13'),(10058,'Garchomp Mega','dragon','ground','https://raw.githubusercontent.com/PokeAPI/sprites/master/sprites/pokemon/10058.png','https://raw.githubusercontent.com/PokeAPI/sprites/master/sprites/pokemon/shiny/10058.png','2024-12-17 18:53:13'),(10059,'Lucario Mega','fighting','steel','https://raw.githubusercontent.com/PokeAPI/sprites/master/sprites/pokemon/10059.png','https://raw.githubusercontent.com/PokeAPI/sprites/master/sprites/pokemon/shiny/10059.png','2024-12-17 18:53:13'),(10060,'Abomasnow Mega','grass','ice','https://raw.githubusercontent.com/PokeAPI/sprites/master/sprites/pokemon/10060.png','https://raw.githubusercontent.com/PokeAPI/sprites/master/sprites/pokemon/shiny/10060.png','2024-12-17 18:53:13'),(10061,'Floette Eternal','fairy',NULL,'https://raw.githubusercontent.com/PokeAPI/sprites/master/sprites/pokemon/10061.png','https://raw.githubusercontent.com/PokeAPI/sprites/master/sprites/pokemon/shiny/10061.png','2024-12-17 18:53:13'),(10062,'Latias Mega','dragon','psychic','https://raw.githubusercontent.com/PokeAPI/sprites/master/sprites/pokemon/10062.png','https://raw.githubusercontent.com/PokeAPI/sprites/master/sprites/pokemon/shiny/10062.png','2024-12-17 18:53:13'),(10063,'Latios Mega','dragon','psychic','https://raw.githubusercontent.com/PokeAPI/sprites/master/sprites/pokemon/10063.png','https://raw.githubusercontent.com/PokeAPI/sprites/master/sprites/pokemon/shiny/10063.png','2024-12-17 18:53:13'),(10064,'Swampert Mega','water','ground','https://raw.githubusercontent.com/PokeAPI/sprites/master/sprites/pokemon/10064.png','https://raw.githubusercontent.com/PokeAPI/sprites/master/sprites/pokemon/shiny/10064.png','2024-12-17 18:53:13'),(10065,'Sceptile Mega','grass','dragon','https://raw.githubusercontent.com/PokeAPI/sprites/master/sprites/pokemon/10065.png','https://raw.githubusercontent.com/PokeAPI/sprites/master/sprites/pokemon/shiny/10065.png','2024-12-17 18:53:13'),(10066,'Sableye Mega','dark','ghost','https://raw.githubusercontent.com/PokeAPI/sprites/master/sprites/pokemon/10066.png','https://raw.githubusercontent.com/PokeAPI/sprites/master/sprites/pokemon/shiny/10066.png','2024-12-17 18:53:13'),(10067,'Altaria Mega','dragon','fairy','https://raw.githubusercontent.com/PokeAPI/sprites/master/sprites/pokemon/10067.png','https://raw.githubusercontent.com/PokeAPI/sprites/master/sprites/pokemon/shiny/10067.png','2024-12-17 18:53:13'),(10068,'Gallade Mega','psychic','fighting','https://raw.githubusercontent.com/PokeAPI/sprites/master/sprites/pokemon/10068.png','https://raw.githubusercontent.com/PokeAPI/sprites/master/sprites/pokemon/shiny/475-mega.png','2024-12-17 18:53:13'),(10069,'Audino Mega','normal','fairy','https://raw.githubusercontent.com/PokeAPI/sprites/master/sprites/pokemon/10069.png','https://raw.githubusercontent.com/PokeAPI/sprites/master/sprites/pokemon/shiny/10069.png','2024-12-17 18:53:13'),(10070,'Sharpedo Mega','water','dark','https://raw.githubusercontent.com/PokeAPI/sprites/master/sprites/pokemon/10070.png','https://raw.githubusercontent.com/PokeAPI/sprites/master/sprites/pokemon/shiny/10070.png','2024-12-17 18:53:13'),(10071,'Slowbro Mega','water','psychic','https://raw.githubusercontent.com/PokeAPI/sprites/master/sprites/pokemon/10071.png','https://raw.githubusercontent.com/PokeAPI/sprites/master/sprites/pokemon/shiny/10071.png','2024-12-17 18:53:13'),(10072,'Steelix Mega','steel','ground','https://raw.githubusercontent.com/PokeAPI/sprites/master/sprites/pokemon/10072.png','https://raw.githubusercontent.com/PokeAPI/sprites/master/sprites/pokemon/shiny/10072.png','2024-12-17 18:53:13'),(10073,'Pidgeot Mega','normal','flying','https://raw.githubusercontent.com/PokeAPI/sprites/master/sprites/pokemon/10073.png','https://raw.githubusercontent.com/PokeAPI/sprites/master/sprites/pokemon/shiny/10073.png','2024-12-17 18:53:13'),(10074,'Glalie Mega','ice',NULL,'https://raw.githubusercontent.com/PokeAPI/sprites/master/sprites/pokemon/10074.png','https://raw.githubusercontent.com/PokeAPI/sprites/master/sprites/pokemon/shiny/10074.png','2024-12-17 18:53:13'),(10075,'Diancie Mega','rock','fairy','https://raw.githubusercontent.com/PokeAPI/sprites/master/sprites/pokemon/10075.png','https://raw.githubusercontent.com/PokeAPI/sprites/master/sprites/pokemon/shiny/719-mega.png','2024-12-17 18:53:13'),(10076,'Metagross Mega','steel','psychic','https://raw.githubusercontent.com/PokeAPI/sprites/master/sprites/pokemon/10076.png','https://raw.githubusercontent.com/PokeAPI/sprites/master/sprites/pokemon/shiny/10076.png','2024-12-17 18:53:13'),(10077,'Kyogre Primal','water',NULL,'https://raw.githubusercontent.com/PokeAPI/sprites/master/sprites/pokemon/10077.png','https://raw.githubusercontent.com/PokeAPI/sprites/master/sprites/pokemon/shiny/10077.png','2024-12-17 18:53:13'),(10078,'Groudon Primal','ground','fire','https://raw.githubusercontent.com/PokeAPI/sprites/master/sprites/pokemon/10078.png','https://raw.githubusercontent.com/PokeAPI/sprites/master/sprites/pokemon/shiny/10078.png','2024-12-17 18:53:13'),(10079,'Rayquaza Mega','dragon','flying','https://raw.githubusercontent.com/PokeAPI/sprites/master/sprites/pokemon/10079.png','https://raw.githubusercontent.com/PokeAPI/sprites/master/sprites/pokemon/shiny/10079.png','2024-12-17 18:53:13'),(10080,'Pikachu Rock Star','electric',NULL,'https://raw.githubusercontent.com/PokeAPI/sprites/master/sprites/pokemon/10080.png','https://raw.githubusercontent.com/PokeAPI/sprites/master/sprites/pokemon/shiny/10080.png','2024-12-17 18:53:13'),(10081,'Pikachu Belle','electric',NULL,'https://raw.githubusercontent.com/PokeAPI/sprites/master/sprites/pokemon/10081.png','https://raw.githubusercontent.com/PokeAPI/sprites/master/sprites/pokemon/shiny/10081.png','2024-12-17 18:53:13'),(10082,'Pikachu Pop Star','electric',NULL,'https://raw.githubusercontent.com/PokeAPI/sprites/master/sprites/pokemon/10082.png','https://raw.githubusercontent.com/PokeAPI/sprites/master/sprites/pokemon/shiny/10082.png','2024-12-17 18:53:13'),(10083,'Pikachu Phd','electric',NULL,'https://raw.githubusercontent.com/PokeAPI/sprites/master/sprites/pokemon/10083.png','https://raw.githubusercontent.com/PokeAPI/sprites/master/sprites/pokemon/shiny/10083.png','2024-12-17 18:53:13'),(10084,'Pikachu Libre','electric',NULL,'https://raw.githubusercontent.com/PokeAPI/sprites/master/sprites/pokemon/10084.png','https://raw.githubusercontent.com/PokeAPI/sprites/master/sprites/pokemon/shiny/10084.png','2024-12-17 18:53:13'),(10085,'Pikachu Cosplay','electric',NULL,'https://raw.githubusercontent.com/PokeAPI/sprites/master/sprites/pokemon/10085.png','https://raw.githubusercontent.com/PokeAPI/sprites/master/sprites/pokemon/shiny/10085.png','2024-12-17 18:53:13'),(10086,'Hoopa Unbound','psychic','dark','https://raw.githubusercontent.com/PokeAPI/sprites/master/sprites/pokemon/10086.png','https://raw.githubusercontent.com/PokeAPI/sprites/master/sprites/pokemon/shiny/10086.png','2024-12-17 18:53:13'),(10087,'Camerupt Mega','fire','ground','https://raw.githubusercontent.com/PokeAPI/sprites/master/sprites/pokemon/10087.png','https://raw.githubusercontent.com/PokeAPI/sprites/master/sprites/pokemon/shiny/10087.png','2024-12-17 18:53:13'),(10088,'Lopunny Mega','normal','fighting','https://raw.githubusercontent.com/PokeAPI/sprites/master/sprites/pokemon/10088.png','https://raw.githubusercontent.com/PokeAPI/sprites/master/sprites/pokemon/shiny/10088.png','2024-12-17 18:53:13'),(10089,'Salamence Mega','dragon','flying','https://raw.githubusercontent.com/PokeAPI/sprites/master/sprites/pokemon/10089.png','https://raw.githubusercontent.com/PokeAPI/sprites/master/sprites/pokemon/shiny/10089.png','2024-12-17 18:53:13'),(10090,'Beedrill Mega','bug','poison','https://raw.githubusercontent.com/PokeAPI/sprites/master/sprites/pokemon/10090.png','https://raw.githubusercontent.com/PokeAPI/sprites/master/sprites/pokemon/shiny/10090.png','2024-12-17 18:53:13'),(10091,'Rattata Alola','dark','normal','https://raw.githubusercontent.com/PokeAPI/sprites/master/sprites/pokemon/10091.png','https://raw.githubusercontent.com/PokeAPI/sprites/master/sprites/pokemon/shiny/10091.png','2024-12-17 18:53:13'),(10092,'Raticate Alola','dark','normal','https://raw.githubusercontent.com/PokeAPI/sprites/master/sprites/pokemon/10092.png','https://raw.githubusercontent.com/PokeAPI/sprites/master/sprites/pokemon/shiny/10092.png','2024-12-17 18:53:13'),(10093,'Raticate Totem Alola','dark','normal','https://raw.githubusercontent.com/PokeAPI/sprites/master/sprites/pokemon/10093.png','https://raw.githubusercontent.com/PokeAPI/sprites/master/sprites/pokemon/shiny/10093.png','2024-12-17 18:53:13'),(10094,'Pikachu Original Cap','electric',NULL,'https://raw.githubusercontent.com/PokeAPI/sprites/master/sprites/pokemon/10094.png','https://raw.githubusercontent.com/PokeAPI/sprites/master/sprites/pokemon/shiny/25-original-cap.png','2024-12-17 18:53:13'),(10095,'Pikachu Hoenn Cap','electric',NULL,'https://raw.githubusercontent.com/PokeAPI/sprites/master/sprites/pokemon/10095.png','https://raw.githubusercontent.com/PokeAPI/sprites/master/sprites/pokemon/shiny/25-hoenn-cap.png','2024-12-17 18:53:13'),(10096,'Pikachu Sinnoh Cap','electric',NULL,'https://raw.githubusercontent.com/PokeAPI/sprites/master/sprites/pokemon/10096.png','https://raw.githubusercontent.com/PokeAPI/sprites/master/sprites/pokemon/shiny/25-sinnoh-cap.png','2024-12-17 18:53:13'),(10097,'Pikachu Unova Cap','electric',NULL,'https://raw.githubusercontent.com/PokeAPI/sprites/master/sprites/pokemon/10097.png','https://raw.githubusercontent.com/PokeAPI/sprites/master/sprites/pokemon/shiny/25-unova-cap.png','2024-12-17 18:53:13'),(10098,'Pikachu Kalos Cap','electric',NULL,'https://raw.githubusercontent.com/PokeAPI/sprites/master/sprites/pokemon/10098.png','https://raw.githubusercontent.com/PokeAPI/sprites/master/sprites/pokemon/shiny/25-kalos-cap.png','2024-12-17 18:53:13'),(10099,'Pikachu Alola Cap','electric',NULL,'https://raw.githubusercontent.com/PokeAPI/sprites/master/sprites/pokemon/10099.png','https://raw.githubusercontent.com/PokeAPI/sprites/master/sprites/pokemon/shiny/25-alola-cap.png','2024-12-17 18:53:13'),(10100,'Raichu Alola','electric','psychic','https://raw.githubusercontent.com/PokeAPI/sprites/master/sprites/pokemon/10100.png','https://raw.githubusercontent.com/PokeAPI/sprites/master/sprites/pokemon/shiny/10100.png','2024-12-17 18:53:13'),(10101,'Sandshrew Alola','ice','steel','https://raw.githubusercontent.com/PokeAPI/sprites/master/sprites/pokemon/10101.png','https://raw.githubusercontent.com/PokeAPI/sprites/master/sprites/pokemon/shiny/10101.png','2024-12-17 18:53:13'),(10102,'Sandslash Alola','ice','steel','https://raw.githubusercontent.com/PokeAPI/sprites/master/sprites/pokemon/10102.png','https://raw.githubusercontent.com/PokeAPI/sprites/master/sprites/pokemon/shiny/10102.png','2024-12-17 18:53:13'),(10103,'Vulpix Alola','ice',NULL,'https://raw.githubusercontent.com/PokeAPI/sprites/master/sprites/pokemon/10103.png','https://raw.githubusercontent.com/PokeAPI/sprites/master/sprites/pokemon/shiny/10103.png','2024-12-17 18:53:13'),(10104,'Ninetales Alola','ice','fairy','https://raw.githubusercontent.com/PokeAPI/sprites/master/sprites/pokemon/10104.png','https://raw.githubusercontent.com/PokeAPI/sprites/master/sprites/pokemon/shiny/10104.png','2024-12-17 18:53:13'),(10105,'Diglett Alola','ground','steel','https://raw.githubusercontent.com/PokeAPI/sprites/master/sprites/pokemon/10105.png','https://raw.githubusercontent.com/PokeAPI/sprites/master/sprites/pokemon/shiny/10105.png','2024-12-17 18:53:13'),(10106,'Dugtrio Alola','ground','steel','https://raw.githubusercontent.com/PokeAPI/sprites/master/sprites/pokemon/10106.png','https://raw.githubusercontent.com/PokeAPI/sprites/master/sprites/pokemon/shiny/10106.png','2024-12-17 18:53:13'),(10107,'Meowth Alola','dark',NULL,'https://raw.githubusercontent.com/PokeAPI/sprites/master/sprites/pokemon/10107.png','https://raw.githubusercontent.com/PokeAPI/sprites/master/sprites/pokemon/shiny/10107.png','2024-12-17 18:53:13'),(10108,'Persian Alola','dark',NULL,'https://raw.githubusercontent.com/PokeAPI/sprites/master/sprites/pokemon/10108.png','https://raw.githubusercontent.com/PokeAPI/sprites/master/sprites/pokemon/shiny/10108.png','2024-12-17 18:53:13'),(10109,'Geodude Alola','rock','electric','https://raw.githubusercontent.com/PokeAPI/sprites/master/sprites/pokemon/10109.png','https://raw.githubusercontent.com/PokeAPI/sprites/master/sprites/pokemon/shiny/10109.png','2024-12-17 18:53:13'),(10110,'Graveler Alola','rock','electric','https://raw.githubusercontent.com/PokeAPI/sprites/master/sprites/pokemon/10110.png','https://raw.githubusercontent.com/PokeAPI/sprites/master/sprites/pokemon/shiny/10110.png','2024-12-17 18:53:13'),(10111,'Golem Alola','rock','electric','https://raw.githubusercontent.com/PokeAPI/sprites/master/sprites/pokemon/10111.png','https://raw.githubusercontent.com/PokeAPI/sprites/master/sprites/pokemon/shiny/10111.png','2024-12-17 18:53:13'),(10112,'Grimer Alola','poison','dark','https://raw.githubusercontent.com/PokeAPI/sprites/master/sprites/pokemon/10112.png','https://raw.githubusercontent.com/PokeAPI/sprites/master/sprites/pokemon/shiny/10112.png','2024-12-17 18:53:13'),(10113,'Muk Alola','poison','dark','https://raw.githubusercontent.com/PokeAPI/sprites/master/sprites/pokemon/10113.png','https://raw.githubusercontent.com/PokeAPI/sprites/master/sprites/pokemon/shiny/10113.png','2024-12-17 18:53:13'),(10114,'Exeggutor Alola','grass','dragon','https://raw.githubusercontent.com/PokeAPI/sprites/master/sprites/pokemon/10114.png','https://raw.githubusercontent.com/PokeAPI/sprites/master/sprites/pokemon/shiny/10114.png','2024-12-17 18:53:13'),(10115,'Marowak Alola','fire','ghost','https://raw.githubusercontent.com/PokeAPI/sprites/master/sprites/pokemon/10115.png','https://raw.githubusercontent.com/PokeAPI/sprites/master/sprites/pokemon/shiny/10115.png','2024-12-17 18:53:13'),(10116,'Greninja Battle Bond','water','dark','https://raw.githubusercontent.com/PokeAPI/sprites/master/sprites/pokemon/10116.png','https://raw.githubusercontent.com/PokeAPI/sprites/master/sprites/pokemon/shiny/10116.png','2024-12-17 18:53:13'),(10117,'Greninja Ash','water','dark','https://raw.githubusercontent.com/PokeAPI/sprites/master/sprites/pokemon/10117.png','https://raw.githubusercontent.com/PokeAPI/sprites/master/sprites/pokemon/shiny/658-ash.png','2024-12-17 18:53:13'),(10118,'Zygarde 10 Power Construct','dragon','ground','https://raw.githubusercontent.com/PokeAPI/sprites/master/sprites/pokemon/10118.png','https://raw.githubusercontent.com/PokeAPI/sprites/master/sprites/pokemon/shiny/10118.png','2024-12-17 18:53:13'),(10119,'Zygarde 50 Power Construct','dragon','ground','https://raw.githubusercontent.com/PokeAPI/sprites/master/sprites/pokemon/10119.png','https://raw.githubusercontent.com/PokeAPI/sprites/master/sprites/pokemon/shiny/10119.png','2024-12-17 18:53:13'),(10120,'Zygarde Complete','dragon','ground','https://raw.githubusercontent.com/PokeAPI/sprites/master/sprites/pokemon/10120.png','https://raw.githubusercontent.com/PokeAPI/sprites/master/sprites/pokemon/shiny/10120.png','2024-12-17 18:53:13'),(10121,'Gumshoos Totem','normal',NULL,'https://raw.githubusercontent.com/PokeAPI/sprites/master/sprites/pokemon/10121.png','https://raw.githubusercontent.com/PokeAPI/sprites/master/sprites/pokemon/shiny/735-totem.png','2024-12-17 18:53:13'),(10122,'Vikavolt Totem','bug','electric','https://raw.githubusercontent.com/PokeAPI/sprites/master/sprites/pokemon/10122.png','https://raw.githubusercontent.com/PokeAPI/sprites/master/sprites/pokemon/shiny/738-totem.png','2024-12-17 18:53:13'),(10123,'Oricorio Pom Pom','electric','flying','https://raw.githubusercontent.com/PokeAPI/sprites/master/sprites/pokemon/10123.png','https://raw.githubusercontent.com/PokeAPI/sprites/master/sprites/pokemon/shiny/10123.png','2024-12-17 18:53:13'),(10124,'Oricorio Pau','psychic','flying','https://raw.githubusercontent.com/PokeAPI/sprites/master/sprites/pokemon/10124.png','https://raw.githubusercontent.com/PokeAPI/sprites/master/sprites/pokemon/shiny/10124.png','2024-12-17 18:53:13'),(10125,'Oricorio Sensu','ghost','flying','https://raw.githubusercontent.com/PokeAPI/sprites/master/sprites/pokemon/10125.png','https://raw.githubusercontent.com/PokeAPI/sprites/master/sprites/pokemon/shiny/10125.png','2024-12-17 18:53:13'),(10126,'Lycanroc Midnight','rock',NULL,'https://raw.githubusercontent.com/PokeAPI/sprites/master/sprites/pokemon/10126.png','https://raw.githubusercontent.com/PokeAPI/sprites/master/sprites/pokemon/shiny/10126.png','2024-12-17 18:53:13'),(10127,'Wishiwashi School','water',NULL,'https://raw.githubusercontent.com/PokeAPI/sprites/master/sprites/pokemon/10127.png','https://raw.githubusercontent.com/PokeAPI/sprites/master/sprites/pokemon/shiny/10127.png','2024-12-17 18:53:13'),(10128,'Lurantis Totem','grass',NULL,NULL,NULL,'2024-12-17 18:53:13'),(10129,'Salazzle Totem','poison','fire',NULL,NULL,'2024-12-17 18:53:13'),(10130,'Minior Orange Meteor','rock','flying','https://raw.githubusercontent.com/PokeAPI/sprites/master/sprites/pokemon/10130.png','https://raw.githubusercontent.com/PokeAPI/sprites/master/sprites/pokemon/shiny/774-orange-meteor.png','2024-12-17 18:53:13'),(10131,'Minior Yellow Meteor','rock','flying','https://raw.githubusercontent.com/PokeAPI/sprites/master/sprites/pokemon/10131.png','https://raw.githubusercontent.com/PokeAPI/sprites/master/sprites/pokemon/shiny/774-yellow-meteor.png','2024-12-17 18:53:13'),(10132,'Minior Green Meteor','rock','flying','https://raw.githubusercontent.com/PokeAPI/sprites/master/sprites/pokemon/10132.png','https://raw.githubusercontent.com/PokeAPI/sprites/master/sprites/pokemon/shiny/774-green-meteor.png','2024-12-17 18:53:13'),(10133,'Minior Blue Meteor','rock','flying','https://raw.githubusercontent.com/PokeAPI/sprites/master/sprites/pokemon/10133.png','https://raw.githubusercontent.com/PokeAPI/sprites/master/sprites/pokemon/shiny/774-blue-meteor.png','2024-12-17 18:53:13'),(10134,'Minior Indigo Meteor','rock','flying','https://raw.githubusercontent.com/PokeAPI/sprites/master/sprites/pokemon/10134.png','https://raw.githubusercontent.com/PokeAPI/sprites/master/sprites/pokemon/shiny/774-indigo-meteor.png','2024-12-17 18:53:13'),(10135,'Minior Violet Meteor','rock','flying','https://raw.githubusercontent.com/PokeAPI/sprites/master/sprites/pokemon/10135.png','https://raw.githubusercontent.com/PokeAPI/sprites/master/sprites/pokemon/shiny/774-violet-meteor.png','2024-12-17 18:53:13'),(10136,'Minior Red','rock','flying','https://raw.githubusercontent.com/PokeAPI/sprites/master/sprites/pokemon/10136.png','https://raw.githubusercontent.com/PokeAPI/sprites/master/sprites/pokemon/shiny/10136.png','2024-12-17 18:53:13'),(10137,'Minior Orange','rock','flying','https://raw.githubusercontent.com/PokeAPI/sprites/master/sprites/pokemon/10137.png','https://raw.githubusercontent.com/PokeAPI/sprites/master/sprites/pokemon/shiny/10137.png','2024-12-17 18:53:13'),(10138,'Minior Yellow','rock','flying','https://raw.githubusercontent.com/PokeAPI/sprites/master/sprites/pokemon/10138.png','https://raw.githubusercontent.com/PokeAPI/sprites/master/sprites/pokemon/shiny/10138.png','2024-12-17 18:53:13'),(10139,'Minior Green','rock','flying','https://raw.githubusercontent.com/PokeAPI/sprites/master/sprites/pokemon/10139.png','https://raw.githubusercontent.com/PokeAPI/sprites/master/sprites/pokemon/shiny/10139.png','2024-12-17 18:53:13'),(10140,'Minior Blue','rock','flying','https://raw.githubusercontent.com/PokeAPI/sprites/master/sprites/pokemon/10140.png','https://raw.githubusercontent.com/PokeAPI/sprites/master/sprites/pokemon/shiny/10140.png','2024-12-17 18:53:13'),(10141,'Minior Indigo','rock','flying','https://raw.githubusercontent.com/PokeAPI/sprites/master/sprites/pokemon/10141.png','https://raw.githubusercontent.com/PokeAPI/sprites/master/sprites/pokemon/shiny/10141.png','2024-12-17 18:53:13'),(10142,'Minior Violet','rock','flying','https://raw.githubusercontent.com/PokeAPI/sprites/master/sprites/pokemon/10142.png','https://raw.githubusercontent.com/PokeAPI/sprites/master/sprites/pokemon/shiny/10142.png','2024-12-17 18:53:13'),(10143,'Mimikyu Busted','ghost','fairy','https://raw.githubusercontent.com/PokeAPI/sprites/master/sprites/pokemon/10143.png','https://raw.githubusercontent.com/PokeAPI/sprites/master/sprites/pokemon/shiny/10143.png','2024-12-17 18:53:13'),(10144,'Mimikyu Totem Disguised','ghost','fairy','https://raw.githubusercontent.com/PokeAPI/sprites/master/sprites/pokemon/10144.png','https://raw.githubusercontent.com/PokeAPI/sprites/master/sprites/pokemon/shiny/778-totem-disguised.png','2024-12-17 18:53:13'),(10145,'Mimikyu Totem Busted','ghost','fairy','https://raw.githubusercontent.com/PokeAPI/sprites/master/sprites/pokemon/10145.png','https://raw.githubusercontent.com/PokeAPI/sprites/master/sprites/pokemon/shiny/778-totem-busted.png','2024-12-17 18:53:13'),(10146,'Kommo O Totem','dragon','fighting',NULL,NULL,'2024-12-17 18:53:13'),(10147,'Magearna Original','steel','fairy','https://raw.githubusercontent.com/PokeAPI/sprites/master/sprites/pokemon/10147.png','https://raw.githubusercontent.com/PokeAPI/sprites/master/sprites/pokemon/shiny/10147.png','2024-12-17 18:53:13'),(10148,'Pikachu Partner Cap','electric',NULL,'https://raw.githubusercontent.com/PokeAPI/sprites/master/sprites/pokemon/10148.png','https://raw.githubusercontent.com/PokeAPI/sprites/master/sprites/pokemon/shiny/25-partner-cap.png','2024-12-17 18:53:13'),(10149,'Marowak Totem','fire','ghost','https://raw.githubusercontent.com/PokeAPI/sprites/master/sprites/pokemon/10149.png','https://raw.githubusercontent.com/PokeAPI/sprites/master/sprites/pokemon/shiny/10149.png','2024-12-17 18:53:13'),(10150,'Ribombee Totem','bug','fairy','https://raw.githubusercontent.com/PokeAPI/sprites/master/sprites/pokemon/10150.png','https://raw.githubusercontent.com/PokeAPI/sprites/master/sprites/pokemon/shiny/743-totem.png','2024-12-17 18:53:13'),(10151,'Rockruff Own Tempo','rock',NULL,'https://raw.githubusercontent.com/PokeAPI/sprites/master/sprites/pokemon/10151.png','https://raw.githubusercontent.com/PokeAPI/sprites/master/sprites/pokemon/shiny/744-own-tempo.png','2024-12-17 18:53:13'),(10152,'Lycanroc Dusk','rock',NULL,'https://raw.githubusercontent.com/PokeAPI/sprites/master/sprites/pokemon/10152.png','https://raw.githubusercontent.com/PokeAPI/sprites/master/sprites/pokemon/shiny/10152.png','2024-12-17 18:53:13'),(10153,'Araquanid Totem','water','bug',NULL,NULL,'2024-12-17 18:53:13'),(10154,'Togedemaru Totem','electric','steel',NULL,NULL,'2024-12-17 18:53:13'),(10155,'Necrozma Dusk','psychic','steel','https://raw.githubusercontent.com/PokeAPI/sprites/master/sprites/pokemon/10155.png','https://raw.githubusercontent.com/PokeAPI/sprites/master/sprites/pokemon/shiny/10155.png','2024-12-17 18:53:13'),(10156,'Necrozma Dawn','psychic','ghost','https://raw.githubusercontent.com/PokeAPI/sprites/master/sprites/pokemon/10156.png','https://raw.githubusercontent.com/PokeAPI/sprites/master/sprites/pokemon/shiny/10156.png','2024-12-17 18:53:13'),(10157,'Necrozma Ultra','psychic','dragon','https://raw.githubusercontent.com/PokeAPI/sprites/master/sprites/pokemon/10157.png','https://raw.githubusercontent.com/PokeAPI/sprites/master/sprites/pokemon/shiny/10157.png','2024-12-17 18:53:13'),(10158,'Pikachu Starter','electric',NULL,NULL,NULL,'2024-12-17 18:53:13'),(10159,'Eevee Starter','normal',NULL,NULL,NULL,'2024-12-17 18:53:13'),(10160,'Pikachu World Cap','electric',NULL,'https://raw.githubusercontent.com/PokeAPI/sprites/master/sprites/pokemon/10160.png',NULL,'2024-12-17 18:53:13'),(10161,'Meowth Galar','steel',NULL,'https://raw.githubusercontent.com/PokeAPI/sprites/master/sprites/pokemon/10161.png','https://raw.githubusercontent.com/PokeAPI/sprites/master/sprites/pokemon/shiny/10161.png','2024-12-17 18:53:13'),(10162,'Ponyta Galar','psychic',NULL,'https://raw.githubusercontent.com/PokeAPI/sprites/master/sprites/pokemon/10162.png','https://raw.githubusercontent.com/PokeAPI/sprites/master/sprites/pokemon/shiny/10162.png','2024-12-17 18:53:13'),(10163,'Rapidash Galar','psychic','fairy','https://raw.githubusercontent.com/PokeAPI/sprites/master/sprites/pokemon/10163.png','https://raw.githubusercontent.com/PokeAPI/sprites/master/sprites/pokemon/shiny/10163.png','2024-12-17 18:53:13'),(10164,'Slowpoke Galar','psychic',NULL,'https://raw.githubusercontent.com/PokeAPI/sprites/master/sprites/pokemon/10164.png','https://raw.githubusercontent.com/PokeAPI/sprites/master/sprites/pokemon/shiny/10164.png','2024-12-17 18:53:13'),(10165,'Slowbro Galar','poison','psychic','https://raw.githubusercontent.com/PokeAPI/sprites/master/sprites/pokemon/10165.png','https://raw.githubusercontent.com/PokeAPI/sprites/master/sprites/pokemon/shiny/10165.png','2024-12-17 18:53:13'),(10166,'Farfetchd Galar','fighting',NULL,'https://raw.githubusercontent.com/PokeAPI/sprites/master/sprites/pokemon/10166.png','https://raw.githubusercontent.com/PokeAPI/sprites/master/sprites/pokemon/shiny/10166.png','2024-12-17 18:53:13'),(10167,'Weezing Galar','poison','fairy','https://raw.githubusercontent.com/PokeAPI/sprites/master/sprites/pokemon/10167.png','https://raw.githubusercontent.com/PokeAPI/sprites/master/sprites/pokemon/shiny/10167.png','2024-12-17 18:53:13'),(10168,'Mr Mime Galar','ice','psychic','https://raw.githubusercontent.com/PokeAPI/sprites/master/sprites/pokemon/10168.png','https://raw.githubusercontent.com/PokeAPI/sprites/master/sprites/pokemon/shiny/10168.png','2024-12-17 18:53:13'),(10169,'Articuno Galar','psychic','flying','https://raw.githubusercontent.com/PokeAPI/sprites/master/sprites/pokemon/10169.png','https://raw.githubusercontent.com/PokeAPI/sprites/master/sprites/pokemon/shiny/10169.png','2024-12-17 18:53:13'),(10170,'Zapdos Galar','fighting','flying','https://raw.githubusercontent.com/PokeAPI/sprites/master/sprites/pokemon/10170.png','https://raw.githubusercontent.com/PokeAPI/sprites/master/sprites/pokemon/shiny/10170.png','2024-12-17 18:53:13'),(10171,'Moltres Galar','dark','flying','https://raw.githubusercontent.com/PokeAPI/sprites/master/sprites/pokemon/10171.png','https://raw.githubusercontent.com/PokeAPI/sprites/master/sprites/pokemon/shiny/10171.png','2024-12-17 18:53:13'),(10172,'Slowking Galar','poison','psychic','https://raw.githubusercontent.com/PokeAPI/sprites/master/sprites/pokemon/10172.png','https://raw.githubusercontent.com/PokeAPI/sprites/master/sprites/pokemon/shiny/10172.png','2024-12-17 18:53:13'),(10173,'Corsola Galar','ghost',NULL,'https://raw.githubusercontent.com/PokeAPI/sprites/master/sprites/pokemon/10173.png','https://raw.githubusercontent.com/PokeAPI/sprites/master/sprites/pokemon/shiny/10173.png','2024-12-17 18:53:13'),(10174,'Zigzagoon Galar','dark','normal','https://raw.githubusercontent.com/PokeAPI/sprites/master/sprites/pokemon/10174.png','https://raw.githubusercontent.com/PokeAPI/sprites/master/sprites/pokemon/shiny/10174.png','2024-12-17 18:53:13'),(10175,'Linoone Galar','dark','normal','https://raw.githubusercontent.com/PokeAPI/sprites/master/sprites/pokemon/10175.png','https://raw.githubusercontent.com/PokeAPI/sprites/master/sprites/pokemon/shiny/10175.png','2024-12-17 18:53:13'),(10176,'Darumaka Galar','ice',NULL,'https://raw.githubusercontent.com/PokeAPI/sprites/master/sprites/pokemon/10176.png','https://raw.githubusercontent.com/PokeAPI/sprites/master/sprites/pokemon/shiny/10176.png','2024-12-17 18:53:13'),(10177,'Darmanitan Galar Standard','ice',NULL,'https://raw.githubusercontent.com/PokeAPI/sprites/master/sprites/pokemon/10177.png','https://raw.githubusercontent.com/PokeAPI/sprites/master/sprites/pokemon/shiny/10177.png','2024-12-17 18:53:13'),(10178,'Darmanitan Galar Zen','ice','fire','https://raw.githubusercontent.com/PokeAPI/sprites/master/sprites/pokemon/10178.png','https://raw.githubusercontent.com/PokeAPI/sprites/master/sprites/pokemon/shiny/10178.png','2024-12-17 18:53:13'),(10179,'Yamask Galar','ground','ghost','https://raw.githubusercontent.com/PokeAPI/sprites/master/sprites/pokemon/10179.png','https://raw.githubusercontent.com/PokeAPI/sprites/master/sprites/pokemon/shiny/10179.png','2024-12-17 18:53:13'),(10180,'Stunfisk Galar','ground','steel','https://raw.githubusercontent.com/PokeAPI/sprites/master/sprites/pokemon/10180.png','https://raw.githubusercontent.com/PokeAPI/sprites/master/sprites/pokemon/shiny/10180.png','2024-12-17 18:53:13'),(10181,'Zygarde 10','dragon','ground',NULL,'https://raw.githubusercontent.com/PokeAPI/sprites/master/sprites/pokemon/shiny/718-10.png','2024-12-17 18:53:13'),(10182,'Cramorant Gulping','flying','water',NULL,NULL,'2024-12-17 18:53:13'),(10183,'Cramorant Gorging','flying','water',NULL,NULL,'2024-12-17 18:53:13'),(10184,'Toxtricity Low Key','electric','poison','https://raw.githubusercontent.com/PokeAPI/sprites/master/sprites/pokemon/10184.png','https://raw.githubusercontent.com/PokeAPI/sprites/master/sprites/pokemon/shiny/10184.png','2024-12-17 18:53:13'),(10185,'Eiscue Noice','ice',NULL,'https://raw.githubusercontent.com/PokeAPI/sprites/master/sprites/pokemon/10185.png','https://raw.githubusercontent.com/PokeAPI/sprites/master/sprites/pokemon/shiny/10185.png','2024-12-17 18:53:13'),(10186,'Indeedee Female','psychic','normal','https://raw.githubusercontent.com/PokeAPI/sprites/master/sprites/pokemon/10186.png','https://raw.githubusercontent.com/PokeAPI/sprites/master/sprites/pokemon/shiny/10186.png','2024-12-17 18:53:13'),(10187,'Morpeko Hangry','electric','dark','https://raw.githubusercontent.com/PokeAPI/sprites/master/sprites/pokemon/10187.png','https://raw.githubusercontent.com/PokeAPI/sprites/master/sprites/pokemon/shiny/10187.png','2024-12-17 18:53:13'),(10188,'Zacian Crowned','fairy','steel','https://raw.githubusercontent.com/PokeAPI/sprites/master/sprites/pokemon/10188.png','https://raw.githubusercontent.com/PokeAPI/sprites/master/sprites/pokemon/shiny/10188.png','2024-12-17 18:53:13'),(10189,'Zamazenta Crowned','fighting','steel','https://raw.githubusercontent.com/PokeAPI/sprites/master/sprites/pokemon/10189.png','https://raw.githubusercontent.com/PokeAPI/sprites/master/sprites/pokemon/shiny/10189.png','2024-12-17 18:53:13'),(10190,'Eternatus Eternamax','poison','dragon','https://raw.githubusercontent.com/PokeAPI/sprites/master/sprites/pokemon/10190.png',NULL,'2024-12-17 18:53:13'),(10191,'Urshifu Rapid Strike','fighting','water','https://raw.githubusercontent.com/PokeAPI/sprites/master/sprites/pokemon/10191.png','https://raw.githubusercontent.com/PokeAPI/sprites/master/sprites/pokemon/shiny/10191.png','2024-12-17 18:53:13'),(10192,'Zarude Dada','dark','grass','https://raw.githubusercontent.com/PokeAPI/sprites/master/sprites/pokemon/10192.png','https://raw.githubusercontent.com/PokeAPI/sprites/master/sprites/pokemon/shiny/10192.png','2024-12-17 18:53:13'),(10193,'Calyrex Ice','psychic','ice','https://raw.githubusercontent.com/PokeAPI/sprites/master/sprites/pokemon/10193.png','https://raw.githubusercontent.com/PokeAPI/sprites/master/sprites/pokemon/shiny/10193.png','2024-12-17 18:53:13'),(10194,'Calyrex Shadow','psychic','ghost','https://raw.githubusercontent.com/PokeAPI/sprites/master/sprites/pokemon/10194.png','https://raw.githubusercontent.com/PokeAPI/sprites/master/sprites/pokemon/shiny/10194.png','2024-12-17 18:53:13'),(10195,'Venusaur Gmax','grass','poison','https://raw.githubusercontent.com/PokeAPI/sprites/master/sprites/pokemon/10195.png','https://raw.githubusercontent.com/PokeAPI/sprites/master/sprites/pokemon/shiny/10195.png','2024-12-17 18:53:13'),(10196,'Charizard Gmax','fire','flying','https://raw.githubusercontent.com/PokeAPI/sprites/master/sprites/pokemon/10196.png','https://raw.githubusercontent.com/PokeAPI/sprites/master/sprites/pokemon/shiny/10196.png','2024-12-17 18:53:13'),(10197,'Blastoise Gmax','water',NULL,'https://raw.githubusercontent.com/PokeAPI/sprites/master/sprites/pokemon/10197.png','https://raw.githubusercontent.com/PokeAPI/sprites/master/sprites/pokemon/shiny/10197.png','2024-12-17 18:53:13'),(10198,'Butterfree Gmax','bug','flying','https://raw.githubusercontent.com/PokeAPI/sprites/master/sprites/pokemon/10198.png','https://raw.githubusercontent.com/PokeAPI/sprites/master/sprites/pokemon/shiny/10198.png','2024-12-17 18:53:13'),(10199,'Pikachu Gmax','electric',NULL,'https://raw.githubusercontent.com/PokeAPI/sprites/master/sprites/pokemon/10199.png','https://raw.githubusercontent.com/PokeAPI/sprites/master/sprites/pokemon/shiny/10199.png','2024-12-17 18:53:13'),(10200,'Meowth Gmax','normal',NULL,'https://raw.githubusercontent.com/PokeAPI/sprites/master/sprites/pokemon/10200.png','https://raw.githubusercontent.com/PokeAPI/sprites/master/sprites/pokemon/shiny/10200.png','2024-12-17 18:53:13'),(10201,'Machamp Gmax','fighting',NULL,'https://raw.githubusercontent.com/PokeAPI/sprites/master/sprites/pokemon/10201.png','https://raw.githubusercontent.com/PokeAPI/sprites/master/sprites/pokemon/shiny/10201.png','2024-12-17 18:53:13'),(10202,'Gengar Gmax','ghost','poison','https://raw.githubusercontent.com/PokeAPI/sprites/master/sprites/pokemon/10202.png','https://raw.githubusercontent.com/PokeAPI/sprites/master/sprites/pokemon/shiny/10202.png','2024-12-17 18:53:13'),(10203,'Kingler Gmax','water',NULL,'https://raw.githubusercontent.com/PokeAPI/sprites/master/sprites/pokemon/10203.png','https://raw.githubusercontent.com/PokeAPI/sprites/master/sprites/pokemon/shiny/10203.png','2024-12-17 18:53:13'),(10204,'Lapras Gmax','water','ice','https://raw.githubusercontent.com/PokeAPI/sprites/master/sprites/pokemon/10204.png','https://raw.githubusercontent.com/PokeAPI/sprites/master/sprites/pokemon/shiny/10204.png','2024-12-17 18:53:13'),(10205,'Eevee Gmax','normal',NULL,'https://raw.githubusercontent.com/PokeAPI/sprites/master/sprites/pokemon/10205.png','https://raw.githubusercontent.com/PokeAPI/sprites/master/sprites/pokemon/shiny/10205.png','2024-12-17 18:53:13'),(10206,'Snorlax Gmax','normal',NULL,'https://raw.githubusercontent.com/PokeAPI/sprites/master/sprites/pokemon/10206.png','https://raw.githubusercontent.com/PokeAPI/sprites/master/sprites/pokemon/shiny/10206.png','2024-12-17 18:53:13'),(10207,'Garbodor Gmax','poison',NULL,'https://raw.githubusercontent.com/PokeAPI/sprites/master/sprites/pokemon/10207.png','https://raw.githubusercontent.com/PokeAPI/sprites/master/sprites/pokemon/shiny/10207.png','2024-12-17 18:53:13'),(10208,'Melmetal Gmax','steel',NULL,'https://raw.githubusercontent.com/PokeAPI/sprites/master/sprites/pokemon/10208.png','https://raw.githubusercontent.com/PokeAPI/sprites/master/sprites/pokemon/shiny/10208.png','2024-12-17 18:53:13'),(10209,'Rillaboom Gmax','grass',NULL,'https://raw.githubusercontent.com/PokeAPI/sprites/master/sprites/pokemon/10209.png','https://raw.githubusercontent.com/PokeAPI/sprites/master/sprites/pokemon/shiny/10209.png','2024-12-17 18:53:13'),(10210,'Cinderace Gmax','fire',NULL,'https://raw.githubusercontent.com/PokeAPI/sprites/master/sprites/pokemon/10210.png','https://raw.githubusercontent.com/PokeAPI/sprites/master/sprites/pokemon/shiny/10210.png','2024-12-17 18:53:13'),(10211,'Inteleon Gmax','water',NULL,'https://raw.githubusercontent.com/PokeAPI/sprites/master/sprites/pokemon/10211.png','https://raw.githubusercontent.com/PokeAPI/sprites/master/sprites/pokemon/shiny/10211.png','2024-12-17 18:53:13'),(10212,'Corviknight Gmax','flying','steel','https://raw.githubusercontent.com/PokeAPI/sprites/master/sprites/pokemon/10212.png','https://raw.githubusercontent.com/PokeAPI/sprites/master/sprites/pokemon/shiny/10212.png','2024-12-17 18:53:13'),(10213,'Orbeetle Gmax','bug','psychic','https://raw.githubusercontent.com/PokeAPI/sprites/master/sprites/pokemon/10213.png','https://raw.githubusercontent.com/PokeAPI/sprites/master/sprites/pokemon/shiny/10213.png','2024-12-17 18:53:13'),(10214,'Drednaw Gmax','water','rock','https://raw.githubusercontent.com/PokeAPI/sprites/master/sprites/pokemon/10214.png','https://raw.githubusercontent.com/PokeAPI/sprites/master/sprites/pokemon/shiny/10214.png','2024-12-17 18:53:13'),(10215,'Coalossal Gmax','rock','fire','https://raw.githubusercontent.com/PokeAPI/sprites/master/sprites/pokemon/10215.png','https://raw.githubusercontent.com/PokeAPI/sprites/master/sprites/pokemon/shiny/10215.png','2024-12-17 18:53:13'),(10216,'Flapple Gmax','grass','dragon','https://raw.githubusercontent.com/PokeAPI/sprites/master/sprites/pokemon/10216.png',NULL,'2024-12-17 18:53:13'),(10217,'Appletun Gmax','grass','dragon','https://raw.githubusercontent.com/PokeAPI/sprites/master/sprites/pokemon/10217.png',NULL,'2024-12-17 18:53:13'),(10218,'Sandaconda Gmax','ground',NULL,'https://raw.githubusercontent.com/PokeAPI/sprites/master/sprites/pokemon/10218.png','https://raw.githubusercontent.com/PokeAPI/sprites/master/sprites/pokemon/shiny/10218.png','2024-12-17 18:53:13'),(10219,'Toxtricity Amped Gmax','electric','poison','https://raw.githubusercontent.com/PokeAPI/sprites/master/sprites/pokemon/10219.png','https://raw.githubusercontent.com/PokeAPI/sprites/master/sprites/pokemon/shiny/10219.png','2024-12-17 18:53:13'),(10220,'Centiskorch Gmax','fire','bug','https://raw.githubusercontent.com/PokeAPI/sprites/master/sprites/pokemon/10220.png','https://raw.githubusercontent.com/PokeAPI/sprites/master/sprites/pokemon/shiny/10220.png','2024-12-17 18:53:13'),(10221,'Hatterene Gmax','psychic','fairy','https://raw.githubusercontent.com/PokeAPI/sprites/master/sprites/pokemon/10221.png','https://raw.githubusercontent.com/PokeAPI/sprites/master/sprites/pokemon/shiny/10221.png','2024-12-17 18:53:13'),(10222,'Grimmsnarl Gmax','dark','fairy','https://raw.githubusercontent.com/PokeAPI/sprites/master/sprites/pokemon/10222.png','https://raw.githubusercontent.com/PokeAPI/sprites/master/sprites/pokemon/shiny/10222.png','2024-12-17 18:53:13'),(10223,'Alcremie Gmax','fairy',NULL,'https://raw.githubusercontent.com/PokeAPI/sprites/master/sprites/pokemon/10223.png','https://raw.githubusercontent.com/PokeAPI/sprites/master/sprites/pokemon/shiny/10223.png','2024-12-17 18:53:13'),(10224,'Copperajah Gmax','steel',NULL,'https://raw.githubusercontent.com/PokeAPI/sprites/master/sprites/pokemon/10224.png','https://raw.githubusercontent.com/PokeAPI/sprites/master/sprites/pokemon/shiny/10224.png','2024-12-17 18:53:13'),(10225,'Duraludon Gmax','steel','dragon','https://raw.githubusercontent.com/PokeAPI/sprites/master/sprites/pokemon/10225.png','https://raw.githubusercontent.com/PokeAPI/sprites/master/sprites/pokemon/shiny/10225.png','2024-12-17 18:53:13'),(10226,'Urshifu Single Strike Gmax','fighting','dark','https://raw.githubusercontent.com/PokeAPI/sprites/master/sprites/pokemon/10226.png','https://raw.githubusercontent.com/PokeAPI/sprites/master/sprites/pokemon/shiny/10226.png','2024-12-17 18:53:13'),(10227,'Urshifu Rapid Strike Gmax','fighting','water','https://raw.githubusercontent.com/PokeAPI/sprites/master/sprites/pokemon/10227.png','https://raw.githubusercontent.com/PokeAPI/sprites/master/sprites/pokemon/shiny/10227.png','2024-12-17 18:53:13'),(10228,'Toxtricity Low Key Gmax','electric','poison','https://raw.githubusercontent.com/PokeAPI/sprites/master/sprites/pokemon/10228.png','https://raw.githubusercontent.com/PokeAPI/sprites/master/sprites/pokemon/shiny/10228.png','2024-12-17 18:53:13'),(10229,'Growlithe Hisui','fire','rock','https://raw.githubusercontent.com/PokeAPI/sprites/master/sprites/pokemon/10229.png','https://raw.githubusercontent.com/PokeAPI/sprites/master/sprites/pokemon/shiny/10229.png','2024-12-17 18:53:13'),(10230,'Arcanine Hisui','fire','rock','https://raw.githubusercontent.com/PokeAPI/sprites/master/sprites/pokemon/10230.png','https://raw.githubusercontent.com/PokeAPI/sprites/master/sprites/pokemon/shiny/10230.png','2024-12-17 18:53:13'),(10231,'Voltorb Hisui','electric','grass','https://raw.githubusercontent.com/PokeAPI/sprites/master/sprites/pokemon/10231.png','https://raw.githubusercontent.com/PokeAPI/sprites/master/sprites/pokemon/shiny/10231.png','2024-12-17 18:53:13'),(10232,'Electrode Hisui','electric','grass','https://raw.githubusercontent.com/PokeAPI/sprites/master/sprites/pokemon/10232.png','https://raw.githubusercontent.com/PokeAPI/sprites/master/sprites/pokemon/shiny/10232.png','2024-12-17 18:53:13'),(10233,'Typhlosion Hisui','fire','ghost','https://raw.githubusercontent.com/PokeAPI/sprites/master/sprites/pokemon/10233.png','https://raw.githubusercontent.com/PokeAPI/sprites/master/sprites/pokemon/shiny/10233.png','2024-12-17 18:53:13'),(10234,'Qwilfish Hisui','dark','poison','https://raw.githubusercontent.com/PokeAPI/sprites/master/sprites/pokemon/10234.png','https://raw.githubusercontent.com/PokeAPI/sprites/master/sprites/pokemon/shiny/10234.png','2024-12-17 18:53:13'),(10235,'Sneasel Hisui','fighting','poison','https://raw.githubusercontent.com/PokeAPI/sprites/master/sprites/pokemon/10235.png','https://raw.githubusercontent.com/PokeAPI/sprites/master/sprites/pokemon/shiny/10235.png','2024-12-17 18:53:13'),(10236,'Samurott Hisui','water','dark','https://raw.githubusercontent.com/PokeAPI/sprites/master/sprites/pokemon/10236.png','https://raw.githubusercontent.com/PokeAPI/sprites/master/sprites/pokemon/shiny/10236.png','2024-12-17 18:53:13'),(10237,'Lilligant Hisui','grass','fighting','https://raw.githubusercontent.com/PokeAPI/sprites/master/sprites/pokemon/10237.png','https://raw.githubusercontent.com/PokeAPI/sprites/master/sprites/pokemon/shiny/10237.png','2024-12-17 18:53:13'),(10238,'Zorua Hisui','normal','ghost','https://raw.githubusercontent.com/PokeAPI/sprites/master/sprites/pokemon/10238.png','https://raw.githubusercontent.com/PokeAPI/sprites/master/sprites/pokemon/shiny/10238.png','2024-12-17 18:53:13'),(10239,'Zoroark Hisui','normal','ghost','https://raw.githubusercontent.com/PokeAPI/sprites/master/sprites/pokemon/10239.png','https://raw.githubusercontent.com/PokeAPI/sprites/master/sprites/pokemon/shiny/10239.png','2024-12-17 18:53:13'),(10240,'Braviary Hisui','psychic','flying','https://raw.githubusercontent.com/PokeAPI/sprites/master/sprites/pokemon/10240.png','https://raw.githubusercontent.com/PokeAPI/sprites/master/sprites/pokemon/shiny/10240.png','2024-12-17 18:53:13'),(10241,'Sliggoo Hisui','steel','dragon','https://raw.githubusercontent.com/PokeAPI/sprites/master/sprites/pokemon/10241.png','https://raw.githubusercontent.com/PokeAPI/sprites/master/sprites/pokemon/shiny/10241.png','2024-12-17 18:53:13'),(10242,'Goodra Hisui','steel','dragon','https://raw.githubusercontent.com/PokeAPI/sprites/master/sprites/pokemon/10242.png','https://raw.githubusercontent.com/PokeAPI/sprites/master/sprites/pokemon/shiny/10242.png','2024-12-17 18:53:13'),(10243,'Avalugg Hisui','ice','rock','https://raw.githubusercontent.com/PokeAPI/sprites/master/sprites/pokemon/10243.png','https://raw.githubusercontent.com/PokeAPI/sprites/master/sprites/pokemon/shiny/10243.png','2024-12-17 18:53:13'),(10244,'Decidueye Hisui','grass','fighting','https://raw.githubusercontent.com/PokeAPI/sprites/master/sprites/pokemon/10244.png','https://raw.githubusercontent.com/PokeAPI/sprites/master/sprites/pokemon/shiny/10244.png','2024-12-17 18:53:13'),(10245,'Dialga Origin','steel','dragon','https://raw.githubusercontent.com/PokeAPI/sprites/master/sprites/pokemon/10245.png','https://raw.githubusercontent.com/PokeAPI/sprites/master/sprites/pokemon/shiny/10245.png','2024-12-17 18:53:13'),(10246,'Palkia Origin','water','dragon','https://raw.githubusercontent.com/PokeAPI/sprites/master/sprites/pokemon/10246.png','https://raw.githubusercontent.com/PokeAPI/sprites/master/sprites/pokemon/shiny/10246.png','2024-12-17 18:53:13'),(10247,'Basculin White Striped','water',NULL,'https://raw.githubusercontent.com/PokeAPI/sprites/master/sprites/pokemon/10247.png','https://raw.githubusercontent.com/PokeAPI/sprites/master/sprites/pokemon/shiny/10247.png','2024-12-17 18:53:13'),(10248,'Basculegion Female','water','ghost','https://raw.githubusercontent.com/PokeAPI/sprites/master/sprites/pokemon/10248.png','https://raw.githubusercontent.com/PokeAPI/sprites/master/sprites/pokemon/shiny/10248.png','2024-12-17 18:53:13'),(10249,'Enamorus Therian','fairy','flying','https://raw.githubusercontent.com/PokeAPI/sprites/master/sprites/pokemon/10249.png','https://raw.githubusercontent.com/PokeAPI/sprites/master/sprites/pokemon/shiny/10249.png','2024-12-17 18:53:13'),(10250,'Tauros Paldea Combat Breed','fighting',NULL,'https://raw.githubusercontent.com/PokeAPI/sprites/master/sprites/pokemon/10250.png','https://raw.githubusercontent.com/PokeAPI/sprites/master/sprites/pokemon/shiny/10250.png','2024-12-17 18:53:13'),(10251,'Tauros Paldea Blaze Breed','fighting','fire','https://raw.githubusercontent.com/PokeAPI/sprites/master/sprites/pokemon/10251.png','https://raw.githubusercontent.com/PokeAPI/sprites/master/sprites/pokemon/shiny/10251.png','2024-12-17 18:53:13'),(10252,'Tauros Paldea Aqua Breed','fighting','water','https://raw.githubusercontent.com/PokeAPI/sprites/master/sprites/pokemon/10252.png','https://raw.githubusercontent.com/PokeAPI/sprites/master/sprites/pokemon/shiny/10252.png','2024-12-17 18:53:13'),(10253,'Wooper Paldea','poison','ground','https://raw.githubusercontent.com/PokeAPI/sprites/master/sprites/pokemon/10253.png','https://raw.githubusercontent.com/PokeAPI/sprites/master/sprites/pokemon/shiny/10253.png','2024-12-17 18:53:13'),(10254,'Oinkologne Female','normal',NULL,'https://raw.githubusercontent.com/PokeAPI/sprites/master/sprites/pokemon/10254.png','https://raw.githubusercontent.com/PokeAPI/sprites/master/sprites/pokemon/shiny/10254.png','2024-12-17 18:53:13'),(10255,'Dudunsparce Three Segment','normal',NULL,'https://raw.githubusercontent.com/PokeAPI/sprites/master/sprites/pokemon/10255.png','https://raw.githubusercontent.com/PokeAPI/sprites/master/sprites/pokemon/shiny/10255.png','2024-12-17 18:53:13'),(10256,'Palafin Hero','water',NULL,'https://raw.githubusercontent.com/PokeAPI/sprites/master/sprites/pokemon/10256.png','https://raw.githubusercontent.com/PokeAPI/sprites/master/sprites/pokemon/shiny/10256.png','2024-12-17 18:53:13'),(10257,'Maushold Family Of Three','normal',NULL,'https://raw.githubusercontent.com/PokeAPI/sprites/master/sprites/pokemon/10257.png','https://raw.githubusercontent.com/PokeAPI/sprites/master/sprites/pokemon/shiny/10257.png','2024-12-17 18:53:13'),(10258,'Tatsugiri Droopy','dragon','water','https://raw.githubusercontent.com/PokeAPI/sprites/master/sprites/pokemon/10258.png','https://raw.githubusercontent.com/PokeAPI/sprites/master/sprites/pokemon/shiny/10258.png','2024-12-17 18:53:13'),(10259,'Tatsugiri Stretchy','dragon','water','https://raw.githubusercontent.com/PokeAPI/sprites/master/sprites/pokemon/10259.png','https://raw.githubusercontent.com/PokeAPI/sprites/master/sprites/pokemon/shiny/10259.png','2024-12-17 18:53:13'),(10260,'Squawkabilly Blue Plumage','normal','flying','https://raw.githubusercontent.com/PokeAPI/sprites/master/sprites/pokemon/10260.png','https://raw.githubusercontent.com/PokeAPI/sprites/master/sprites/pokemon/shiny/10260.png','2024-12-17 18:53:13'),(10261,'Squawkabilly Yellow Plumage','normal','flying','https://raw.githubusercontent.com/PokeAPI/sprites/master/sprites/pokemon/10261.png','https://raw.githubusercontent.com/PokeAPI/sprites/master/sprites/pokemon/shiny/10261.png','2024-12-17 18:53:13'),(10262,'Squawkabilly White Plumage','normal','flying','https://raw.githubusercontent.com/PokeAPI/sprites/master/sprites/pokemon/10262.png','https://raw.githubusercontent.com/PokeAPI/sprites/master/sprites/pokemon/shiny/10262.png','2024-12-17 18:53:13'),(10263,'Gimmighoul Roaming','ghost',NULL,'https://raw.githubusercontent.com/PokeAPI/sprites/master/sprites/pokemon/10263.png','https://raw.githubusercontent.com/PokeAPI/sprites/master/sprites/pokemon/shiny/10263.png','2024-12-17 18:53:13'),(10264,'Koraidon Limited Build','fighting','dragon',NULL,NULL,'2024-12-17 18:53:13'),(10265,'Koraidon Sprinting Build','fighting','dragon',NULL,NULL,'2024-12-17 18:53:13'),(10266,'Koraidon Swimming Build','fighting','dragon',NULL,NULL,'2024-12-17 18:53:13'),(10267,'Koraidon Gliding Build','fighting','dragon',NULL,NULL,'2024-12-17 18:53:13'),(10268,'Miraidon Low Power Mode','electric','dragon',NULL,NULL,'2024-12-17 18:53:13'),(10269,'Miraidon Drive Mode','electric','dragon',NULL,NULL,'2024-12-17 18:53:13'),(10270,'Miraidon Aquatic Mode','electric','dragon',NULL,NULL,'2024-12-17 18:53:13'),(10271,'Miraidon Glide Mode','electric','dragon',NULL,NULL,'2024-12-17 18:53:13'),(10272,'Ursaluna Bloodmoon','ground','normal','https://raw.githubusercontent.com/PokeAPI/sprites/master/sprites/pokemon/10272.png','https://raw.githubusercontent.com/PokeAPI/sprites/master/sprites/pokemon/shiny/10272.png','2024-12-17 18:53:13'),(10273,'Ogerpon Wellspring Mask','grass','water','https://raw.githubusercontent.com/PokeAPI/sprites/master/sprites/pokemon/10273.png','https://raw.githubusercontent.com/PokeAPI/sprites/master/sprites/pokemon/shiny/10273.png','2024-12-17 18:53:13'),(10274,'Ogerpon Hearthflame Mask','grass','fire','https://raw.githubusercontent.com/PokeAPI/sprites/master/sprites/pokemon/10274.png','https://raw.githubusercontent.com/PokeAPI/sprites/master/sprites/pokemon/shiny/10274.png','2024-12-17 18:53:13'),(10275,'Ogerpon Cornerstone Mask','grass','rock','https://raw.githubusercontent.com/PokeAPI/sprites/master/sprites/pokemon/10275.png','https://raw.githubusercontent.com/PokeAPI/sprites/master/sprites/pokemon/shiny/10275.png','2024-12-17 18:53:13'),(10276,'Terapagos Terastal','normal',NULL,'https://raw.githubusercontent.com/PokeAPI/sprites/master/sprites/pokemon/10276.png','https://raw.githubusercontent.com/PokeAPI/sprites/master/sprites/pokemon/shiny/10276.png','2024-12-17 18:53:13'),(10277,'Terapagos Stellar','normal',NULL,'https://raw.githubusercontent.com/PokeAPI/sprites/master/sprites/pokemon/10277.png','https://raw.githubusercontent.com/PokeAPI/sprites/master/sprites/pokemon/shiny/10277.png','2024-12-17 18:53:13');
/*!40000 ALTER TABLE `pokemon_cache` ENABLE KEYS */;
UNLOCK TABLES;

--
-- Table structure for table `recipes`
--

DROP TABLE IF EXISTS `recipes`;
/*!40101 SET @saved_cs_client     = @@character_set_client */;
/*!50503 SET character_set_client = utf8mb4 */;
CREATE TABLE `recipes` (
  `recipe_id` int NOT NULL AUTO_INCREMENT,
  `food_id` int DEFAULT NULL,
  `ingredient_id` int DEFAULT NULL,
  `quantity` decimal(10,2) DEFAULT NULL,
  `unit` varchar(50) DEFAULT NULL,
  `optional` tinyint(1) DEFAULT '0',
  `created_at` timestamp NOT NULL DEFAULT CURRENT_TIMESTAMP,
  PRIMARY KEY (`recipe_id`),
  KEY `food_id` (`food_id`),
  KEY `ingredient_id` (`ingredient_id`),
  CONSTRAINT `recipes_ibfk_1` FOREIGN KEY (`food_id`) REFERENCES `foods` (`food_id`) ON DELETE CASCADE,
  CONSTRAINT `recipes_ibfk_2` FOREIGN KEY (`ingredient_id`) REFERENCES `ingredients` (`ingredient_id`) ON DELETE CASCADE
) ENGINE=InnoDB AUTO_INCREMENT=7 DEFAULT CHARSET=utf8mb4 COLLATE=utf8mb4_0900_ai_ci;
/*!40101 SET character_set_client = @saved_cs_client */;

--
-- Dumping data for table `recipes`
--

LOCK TABLES `recipes` WRITE;
/*!40000 ALTER TABLE `recipes` DISABLE KEYS */;
INSERT INTO `recipes` VALUES (1,1,1,2.00,'slices',0,'2024-11-13 09:04:18'),(2,1,2,1.00,'slice',0,'2024-11-13 09:04:18'),(3,2,3,1.00,'cup',0,'2024-11-13 09:04:18'),(4,2,4,0.50,'cup',0,'2024-11-13 09:04:18'),(5,3,5,200.00,'grams',0,'2024-11-13 09:04:18'),(6,3,6,150.00,'grams',0,'2024-11-13 09:04:18');
/*!40000 ALTER TABLE `recipes` ENABLE KEYS */;
UNLOCK TABLES;

--
-- Table structure for table `reservations`
--

DROP TABLE IF EXISTS `reservations`;
/*!40101 SET @saved_cs_client     = @@character_set_client */;
/*!50503 SET character_set_client = utf8mb4 */;
CREATE TABLE `reservations` (
  `reservation_id` int NOT NULL AUTO_INCREMENT,
  `customer_id` int NOT NULL,
  `table_id` int NOT NULL,
  `reservation_datetime` datetime NOT NULL DEFAULT CURRENT_TIMESTAMP,
  `number_of_guests` int NOT NULL DEFAULT '1',
  `special_requests` varchar(255) DEFAULT NULL,
  PRIMARY KEY (`reservation_id`),
  UNIQUE KEY `table_id` (`table_id`,`reservation_datetime`),
  KEY `customer_id` (`customer_id`),
  CONSTRAINT `reservations_ibfk_1` FOREIGN KEY (`customer_id`) REFERENCES `customer` (`customer_id`),
  CONSTRAINT `reservations_ibfk_2` FOREIGN KEY (`table_id`) REFERENCES `table` (`table_id`),
  CONSTRAINT `reservations_chk_1` CHECK ((`number_of_guests` > 0))
) ENGINE=InnoDB AUTO_INCREMENT=6 DEFAULT CHARSET=utf8mb4 COLLATE=utf8mb4_0900_ai_ci;
/*!40101 SET character_set_client = @saved_cs_client */;

--
-- Dumping data for table `reservations`
--

LOCK TABLES `reservations` WRITE;
/*!40000 ALTER TABLE `reservations` DISABLE KEYS */;
INSERT INTO `reservations` VALUES (1,2,9,'2024-12-07 03:04:00',4,'N\\A'),(2,4,4,'2024-11-29 13:00:00',2,'None.'),(5,8,8,'2024-12-25 22:30:00',2,'N\\A');
/*!40000 ALTER TABLE `reservations` ENABLE KEYS */;
UNLOCK TABLES;

--
-- Table structure for table `secret_token`
--

DROP TABLE IF EXISTS `secret_token`;
/*!40101 SET @saved_cs_client     = @@character_set_client */;
/*!50503 SET character_set_client = utf8mb4 */;
CREATE TABLE `secret_token` (
  `token` varchar(255) NOT NULL
) ENGINE=InnoDB DEFAULT CHARSET=utf8mb4 COLLATE=utf8mb4_0900_ai_ci;
/*!40101 SET character_set_client = @saved_cs_client */;

--
-- Dumping data for table `secret_token`
--

LOCK TABLES `secret_token` WRITE;
/*!40000 ALTER TABLE `secret_token` DISABLE KEYS */;
/*!40000 ALTER TABLE `secret_token` ENABLE KEYS */;
UNLOCK TABLES;

--
-- Table structure for table `staff`
--

DROP TABLE IF EXISTS `staff`;
/*!40101 SET @saved_cs_client     = @@character_set_client */;
/*!50503 SET character_set_client = utf8mb4 */;
CREATE TABLE `staff` (
  `staff_id` int NOT NULL AUTO_INCREMENT,
  `first_name` varchar(40) NOT NULL,
  `last_name` varchar(40) NOT NULL,
  `position` varchar(40) NOT NULL,
  `email` varchar(40) NOT NULL,
  `hire_date` date NOT NULL DEFAULT (curdate()),
  `salary` decimal(10,4) NOT NULL,
  `passhash` varchar(255) NOT NULL,
  PRIMARY KEY (`staff_id`),
  CONSTRAINT `staff_chk_1` CHECK (regexp_like(`email`,_utf8mb4'^[a-zA-Z0-9._%+-]+@[a-zA-Z0-9.-]+\\.[a-zA-Z]{2,}$')),
  CONSTRAINT `staff_chk_2` CHECK ((`salary` > 0))
) ENGINE=InnoDB AUTO_INCREMENT=5 DEFAULT CHARSET=utf8mb4 COLLATE=utf8mb4_0900_ai_ci;
/*!40101 SET character_set_client = @saved_cs_client */;

--
-- Dumping data for table `staff`
--

LOCK TABLES `staff` WRITE;
/*!40000 ALTER TABLE `staff` DISABLE KEYS */;
INSERT INTO `staff` VALUES (2,'Dusty','Cole','Waiter','fakedata80364@gmail.com','2024-11-23',144.0000,'$2y$10$b5kVY6WfPaAvOgqxzvMv8uOCscPdUS6w3PkkzHOYfDjWdQxSdma26'),(3,'Madiba','Hudson-Quansah','Waiter','mhq@gmail.com','2024-11-20',450000.0000,'$2y$10$Jjx8spFXwRIiNaoXUF52pO0Cn8fjm6xOtLqQd.J0xMRIozqc6TQKe'),(4,'Yaw','Budu','Cleaner','bruzz@gmail.com','2024-11-29',100.1000,'$2y$10$QnzFJAqGZ7gCOfn55ruW4.DuEPo7O/fzLNwKkuAmXDFmyvX8zEdvC');
/*!40000 ALTER TABLE `staff` ENABLE KEYS */;
UNLOCK TABLES;

--
-- Table structure for table `stats`
--

DROP TABLE IF EXISTS `stats`;
/*!40101 SET @saved_cs_client     = @@character_set_client */;
/*!50503 SET character_set_client = utf8mb4 */;
CREATE TABLE `stats` (
  `sid` int NOT NULL AUTO_INCREMENT,
  `pid` int NOT NULL,
  `tid` int NOT NULL,
  `hp` int NOT NULL,
  `attack` int NOT NULL,
  `defense` int NOT NULL,
  `spattack` int NOT NULL,
  `spdefense` int NOT NULL,
  `speed` int NOT NULL,
  PRIMARY KEY (`sid`),
  KEY `pid` (`pid`,`tid`),
  KEY `stats_exist` (`tid`,`pid`),
  CONSTRAINT `stats_ibfk_1` FOREIGN KEY (`pid`, `tid`) REFERENCES `team_pokemon` (`pid`, `tid`) ON DELETE CASCADE,
  CONSTRAINT `stats_chk_1` CHECK ((`hp` > 0)),
  CONSTRAINT `stats_chk_2` CHECK ((`attack` > 0)),
  CONSTRAINT `stats_chk_3` CHECK ((`defense` > 0)),
  CONSTRAINT `stats_chk_4` CHECK ((`spattack` > 0)),
  CONSTRAINT `stats_chk_5` CHECK ((`spdefense` > 0))
) ENGINE=InnoDB AUTO_INCREMENT=42 DEFAULT CHARSET=utf8mb4 COLLATE=utf8mb4_0900_ai_ci;
/*!40101 SET character_set_client = @saved_cs_client */;

--
-- Dumping data for table `stats`
--

LOCK TABLES `stats` WRITE;
/*!40000 ALTER TABLE `stats` DISABLE KEYS */;
INSERT INTO `stats` VALUES (1,257,1,400,120,70,110,70,80),(3,297,1,144,120,60,40,60,50),(4,310,1,70,75,60,105,60,105),(5,26,1,60,90,55,90,80,110),(6,279,1,60,50,100,95,70,65),(12,98,3,30,105,90,25,25,50),(13,744,3,45,65,40,30,40,60),(14,499,3,90,93,55,70,55,55),(15,18,3,83,80,75,70,70,101),(18,380,4,80,80,90,110,130,110),(19,381,4,80,90,80,130,110,110),(20,384,4,105,150,90,150,90,95),(21,384,5,105,150,90,150,90,95),(22,19,5,30,56,35,25,35,72),(23,73,1,80,70,65,80,120,100),(24,6,6,78,84,78,109,85,100),(25,359,4,65,130,60,75,60,75),(26,10194,7,100,85,80,165,100,150),(27,802,7,90,125,80,90,90,125),(28,491,7,70,90,90,135,90,125),(30,10026,7,60,140,50,140,50,60),(31,306,7,70,110,180,60,60,50),(32,10060,8,90,132,105,132,105,30),(33,460,8,90,92,75,92,85,60),(34,979,8,110,115,80,50,90,90),(35,380,5,80,80,90,110,130,110),(36,10062,5,80,100,120,140,150,110),(37,380,9,80,80,90,110,130,110),(38,628,9,100,123,75,57,75,80),(39,6,9,78,84,78,109,85,100),(40,1024,9,90,65,85,65,85,60),(41,383,9,100,150,140,100,90,90);
/*!40000 ALTER TABLE `stats` ENABLE KEYS */;
UNLOCK TABLES;

--
-- Table structure for table `table`
--

DROP TABLE IF EXISTS `table`;
/*!40101 SET @saved_cs_client     = @@character_set_client */;
/*!50503 SET character_set_client = utf8mb4 */;
CREATE TABLE `table` (
  `table_id` int NOT NULL AUTO_INCREMENT,
  `table_number` int NOT NULL,
  `seating_capacity` int NOT NULL,
  `location` varchar(40) DEFAULT NULL,
  PRIMARY KEY (`table_id`),
  CONSTRAINT `table_chk_1` CHECK ((`seating_capacity` > 0))
) ENGINE=InnoDB AUTO_INCREMENT=11 DEFAULT CHARSET=utf8mb4 COLLATE=utf8mb4_0900_ai_ci;
/*!40101 SET character_set_client = @saved_cs_client */;

--
-- Dumping data for table `table`
--

LOCK TABLES `table` WRITE;
/*!40000 ALTER TABLE `table` DISABLE KEYS */;
INSERT INTO `table` VALUES (1,1,4,'Patio'),(2,2,2,'Near Window'),(3,3,6,'Main Hall'),(4,4,8,'VIP Lounge'),(5,5,10,'Banquet Hall'),(6,6,4,'Garden'),(7,7,2,'Bar Area'),(8,8,6,'Balcony'),(9,9,8,'Private Room'),(10,10,12,'Conference Hall');
/*!40000 ALTER TABLE `table` ENABLE KEYS */;
UNLOCK TABLES;

--
-- Table structure for table `team`
--

DROP TABLE IF EXISTS `team`;
/*!40101 SET @saved_cs_client     = @@character_set_client */;
/*!50503 SET character_set_client = utf8mb4 */;
CREATE TABLE `team` (
  `tid` int NOT NULL AUTO_INCREMENT,
  `uid` int NOT NULL,
  `team_name` varchar(255) NOT NULL,
  `created_at` datetime NOT NULL DEFAULT CURRENT_TIMESTAMP,
  `updated_at` datetime NOT NULL DEFAULT CURRENT_TIMESTAMP ON UPDATE CURRENT_TIMESTAMP,
  PRIMARY KEY (`tid`),
  KEY `uid` (`uid`),
  CONSTRAINT `team_ibfk_1` FOREIGN KEY (`uid`) REFERENCES `user` (`uid`) ON DELETE CASCADE
) ENGINE=InnoDB AUTO_INCREMENT=10 DEFAULT CHARSET=utf8mb4 COLLATE=utf8mb4_0900_ai_ci;
/*!40101 SET character_set_client = @saved_cs_client */;

--
-- Dumping data for table `team`
--

LOCK TABLES `team` WRITE;
/*!40000 ALTER TABLE `team` DISABLE KEYS */;
INSERT INTO `team` VALUES (1,1,'Pokemon Ruby','2024-12-17 18:53:13','2024-12-23 21:16:51'),(3,2,'Dill pickle','2024-12-17 18:58:19','2024-12-17 18:59:02'),(4,1,'Legendary 1','2024-12-18 12:07:57','2024-12-19 00:38:42'),(5,1,'Test','2024-12-18 12:30:51','2024-12-20 11:25:06'),(6,1,'Pokemon Red','2024-12-18 19:11:42','2024-12-18 19:12:03'),(7,5,'SHADOW','2024-12-19 00:44:17','2024-12-19 00:50:21'),(8,6,'444','2024-12-19 22:25:55','2024-12-19 22:28:42'),(9,1,'New Team','2024-12-23 21:15:12','2024-12-23 21:16:16');
/*!40000 ALTER TABLE `team` ENABLE KEYS */;
UNLOCK TABLES;

--
-- Table structure for table `team_pokemon`
--

DROP TABLE IF EXISTS `team_pokemon`;
/*!40101 SET @saved_cs_client     = @@character_set_client */;
/*!50503 SET character_set_client = utf8mb4 */;
CREATE TABLE `team_pokemon` (
  `pid` int NOT NULL,
  `tid` int NOT NULL,
  `is_shiny` tinyint(1) NOT NULL DEFAULT '0',
  `level` int NOT NULL,
  `nickname` varchar(100) DEFAULT NULL,
  PRIMARY KEY (`pid`,`tid`),
  KEY `team_pokemon_exist` (`tid`,`pid`),
  CONSTRAINT `team_pokemon_ibfk_1` FOREIGN KEY (`tid`) REFERENCES `team` (`tid`) ON DELETE CASCADE,
  CONSTRAINT `team_pokemon_chk_1` CHECK (((`level` >= 0) and (`level` <= 100)))
) ENGINE=InnoDB DEFAULT CHARSET=utf8mb4 COLLATE=utf8mb4_0900_ai_ci;
/*!40101 SET character_set_client = @saved_cs_client */;

--
-- Dumping data for table `team_pokemon`
--

LOCK TABLES `team_pokemon` WRITE;
/*!40000 ALTER TABLE `team_pokemon` DISABLE KEYS */;
INSERT INTO `team_pokemon` VALUES (6,6,0,10,'Charizard'),(6,9,0,10,'Charizard'),(18,3,0,10,'Pidgeot'),(19,5,0,10,'Rattata'),(26,1,0,10,'Raichu'),(73,1,1,10,'Tentacruel'),(98,3,0,10,'Krabby'),(257,1,0,100,'Kenny'),(279,1,0,10,'Pelipper'),(297,1,1,100,'Hairy'),(306,7,1,10,'Aggron'),(310,1,1,10,'Manectric'),(359,4,1,10,'Absol'),(380,4,0,10,'Latias'),(380,5,0,10,'Latias'),(380,9,0,10,'Latias'),(381,4,0,10,'Latios'),(383,9,0,10,'Groudon'),(384,4,0,10,'Rayquaza'),(384,5,0,10,'Rayquaza'),(460,8,0,10,'Abomasnow'),(491,7,1,10,'Dar'),(499,3,0,10,'Pignite'),(628,9,0,10,'Braviary'),(744,3,0,10,'Rockruff'),(802,7,1,10,'Marshadow'),(979,8,0,10,'Annihilape'),(1024,9,0,10,'Terapagos'),(10026,7,1,10,'Aegislash Blade'),(10060,8,0,10,'Abomasnow Mega'),(10062,5,0,10,'Latias Mega'),(10194,7,1,10,'Calyrex Shadow');
/*!40000 ALTER TABLE `team_pokemon` ENABLE KEYS */;
UNLOCK TABLES;

--
-- Table structure for table `user`
--

DROP TABLE IF EXISTS `user`;
/*!40101 SET @saved_cs_client     = @@character_set_client */;
/*!50503 SET character_set_client = utf8mb4 */;
CREATE TABLE `user` (
  `uid` int NOT NULL AUTO_INCREMENT,
  `fname` varchar(100) NOT NULL,
  `lname` varchar(100) NOT NULL,
  `username` varchar(50) NOT NULL,
  `email` varchar(100) NOT NULL,
  `passhash` varchar(255) NOT NULL,
  `is_admin` tinyint(1) NOT NULL DEFAULT '0',
  PRIMARY KEY (`uid`),
  UNIQUE KEY `username` (`username`),
  UNIQUE KEY `email` (`email`),
  CONSTRAINT `user_chk_1` CHECK (regexp_like(`email`,_utf8mb4'^[a-za-z0-9._%+-]+@[a-za-z0-9.-]+\\.[a-za-z]{2,}$'))
) ENGINE=InnoDB AUTO_INCREMENT=7 DEFAULT CHARSET=utf8mb4 COLLATE=utf8mb4_0900_ai_ci;
/*!40101 SET character_set_client = @saved_cs_client */;

--
-- Dumping data for table `user`
--

LOCK TABLES `user` WRITE;
/*!40000 ALTER TABLE `user` DISABLE KEYS */;
INSERT INTO `user` VALUES (1,'Hudson','Hudson-Quansah','madstone','mhquansah@gmail.com','$2y$10$WeBdz29i0N.b7Mstpvb7Q.ueXtKGIW0Qr3S.8JrH1ZYCH5567jXBe',1),(2,'Nene','Quayenortey','Kong','messretro3@gmail.com','$2y$10$/YnbJRyOBeRmoHP91QnBqu8VOJpyt3Fyv2OIJNaXO1ERJ8CjlK15W',1),(3,'New','Admin','administrator','admin2@gmail.com','$2y$10$z6pZZOdBAW0jDP2eZcEE5.nybVcKFO7pHn99jCmzvp3Qpt3RrD2PG',1),(4,'Lucy','Blankson','luchi','luchi@gmail.com','$2y$10$h1zjkPUvhBX17Hpwca7nY.Uhi1sd3LeZ61fhewEDnknwdCLhOdpzu',0),(5,'SHADOW','WIZARD','SHADOWWIZARMONEYGANG','money@gang.com','$2y$10$InXfgCAS3x6/JLtLDQX66uGp2Pfu.f4/YNVTG5epqpQ214DryJ7bq',0),(6,'111','222','123','sam@gmail.com','$2y$10$jerP9asu6hSskLo.HicjI.ZIrIrq.ckG0IGF807IlDi7DTRURrDue',0);
/*!40000 ALTER TABLE `user` ENABLE KEYS */;
UNLOCK TABLES;

--
-- Table structure for table `users`
--

DROP TABLE IF EXISTS `users`;
/*!40101 SET @saved_cs_client     = @@character_set_client */;
/*!50503 SET character_set_client = utf8mb4 */;
CREATE TABLE `users` (
  `user_id` int NOT NULL AUTO_INCREMENT,
  `fname` varchar(50) NOT NULL,
  `lname` varchar(50) NOT NULL,
  `email` varchar(100) NOT NULL,
  `password` varchar(255) NOT NULL,
  `role` tinyint DEFAULT '2',
  `created_at` timestamp NOT NULL DEFAULT CURRENT_TIMESTAMP,
  `updated_at` timestamp NOT NULL DEFAULT CURRENT_TIMESTAMP,
  PRIMARY KEY (`user_id`),
  UNIQUE KEY `email` (`email`)
) ENGINE=InnoDB AUTO_INCREMENT=14 DEFAULT CHARSET=utf8mb4 COLLATE=utf8mb4_0900_ai_ci;
/*!40101 SET character_set_client = @saved_cs_client */;

--
-- Dumping data for table `users`
--

LOCK TABLES `users` WRITE;
/*!40000 ALTER TABLE `users` DISABLE KEYS */;
INSERT INTO `users` VALUES (1,'Eugene','Daniels','superadmin@gmail.com','$2y$10$7WmxtQVB6.CiA7nkwfc4ROGKmSboAjpGfV0CnObeFivXZ8jfW/9De',1,'2024-11-07 20:20:47','2024-11-07 20:20:47'),(3,'Madiba','Hudson-Quansah','mhquansah@gmail.com','$2y$10$IPT0kYcC/hxCVPFCN2ve7etwfgQeTaUTYb0NesyzN4KA7PrGHlsKO',1,'2024-11-10 14:15:08','2024-11-10 14:15:08'),(4,'Madiba','Hudson-Quansah','madiba.quansah@gmail.com','$2y$10$JMislMPMcFJ58fAnAqdE7OiGJcU86VMSCMQkdiOcAFH8KTasH3ef6',2,'2024-11-10 14:16:47','2024-11-10 14:16:47'),(9,'John','Doe','madiba@gmail.com','$2y$10$.WboDFP71vku6xii0S7pqemn9jgE6FZNcAepUO0uadwE3e2T2WTWS',2,'2024-11-16 21:28:01','2024-11-16 21:28:01'),(11,'John ','Doe','john@gmail.com','$2y$10$YJ7lb/hUalq9C3rnro7Nf.RMpcXp8mQjG4n5CbBAQ26oHppOVO7hm',2,'2024-11-25 09:09:20','2024-11-25 09:09:20'),(12,'John ','Doe','johnm@gmail.com','$2y$10$Zj1f7DVObtRTwePaZOAwUOkpQY.44RNt6ArhJFIvtWjU80YyGzFXq',1,'2024-11-25 09:09:53','2024-11-25 09:09:53'),(13,'Samuel','Yussif','samuel.yussif@ashesi.edu.gh','$2y$10$NCR1txFj3CfZVeVREYT25e1Gf36KDOEIExfv.WfD.HIwa3YZVJyYm',2,'2024-11-28 16:50:17','2024-11-28 16:50:17');
/*!40000 ALTER TABLE `users` ENABLE KEYS */;
UNLOCK TABLES;
/*!40103 SET TIME_ZONE=@OLD_TIME_ZONE */;

/*!40101 SET SQL_MODE=@OLD_SQL_MODE */;
/*!40014 SET FOREIGN_KEY_CHECKS=@OLD_FOREIGN_KEY_CHECKS */;
/*!40014 SET UNIQUE_CHECKS=@OLD_UNIQUE_CHECKS */;
/*!40101 SET CHARACTER_SET_CLIENT=@OLD_CHARACTER_SET_CLIENT */;
/*!40101 SET CHARACTER_SET_RESULTS=@OLD_CHARACTER_SET_RESULTS */;
/*!40101 SET COLLATION_CONNECTION=@OLD_COLLATION_CONNECTION */;
/*!40111 SET SQL_NOTES=@OLD_SQL_NOTES */;

-- Dump completed on 2025-01-19 20:39:15
